frame_a,frame_b,frame_separation,relative_err_deg
0,1,1,1.1683727015063317
1,2,1,1.226494615514905
2,3,1,1.533392998835359
3,4,1,1.4738826690569244
4,5,1,0.9830372128381379
4,5,1,1.5052805477651814
5,6,1,1.8461324630528546
5,6,1,1.3965066904570198
6,7,1,1.8396561398015907
6,7,1,1.6072217127766042
7,8,1,1.3537097595539818
7,8,1,2.132455623983234
8,9,1,0.0
8,9,1,1.3823771680750339
8,9,1,1.5459510996694252
9,10,1,2.98289135469403
9,10,1,1.9299776616741624
9,10,1,2.659951027638916
10,11,1,0.6340198292047526
10,11,1,2.1559540662065846
10,11,1,2.3604218922581386
11,12,1,6.66033006214471
11,12,1,4.970529110875911
11,12,1,4.321418784067137
12,13,1,0.8545219559814302
12,13,1,0.0
12,13,1,0.9105951279868322
12,13,1,1.158125516240653
13,14,1,1.1340913883196422
13,14,1,0.9829467757838716
13,14,1,0.5018381043782237
13,14,1,1.7828118553948722
14,15,1,2.1307090473999355
14,15,1,1.3233178822610323
14,15,1,1.4742091180227241
14,15,1,0.8877003248104383
15,16,1,2.036890652986643
15,16,1,2.727153013252268
15,16,1,1.0397046985000924
16,17,1,1.272391384121881
16,17,1,0.4677269881599537
16,17,1,1.7024352960302767
16,17,1,1.9336470692315462
17,18,1,1.2789435340940283
17,18,1,1.0496575443141891
17,18,1,2.2236731405479673
17,18,1,2.0216464060819175
18,19,1,1.758394926883888
18,19,1,0.6195923837959689
18,19,1,2.5194486638486326
18,19,1,2.1297467874118277
19,20,1,1.3038255764998214
19,20,1,2.3594160086889095
19,20,1,2.490109243137584
20,21,1,1.1998670284893902
20,21,1,2.2949151342482894
20,21,1,1.794183244185997
20,21,1,1.9183655021146613
21,22,1,2.70142349533601
21,22,1,1.7299611398340213
21,22,1,2.1703087048865606
21,22,1,2.5866332579436446
22,23,1,1.8746675388021548
22,23,1,1.140680500423679
22,23,1,1.278786568162677
22,23,1,1.8797384728126671
23,24,1,4.6895373993482075
23,24,1,4.461695294035755
23,24,1,5.61921842510654
24,25,1,0.9649388387887423
24,25,1,0.9702530960655801
24,25,1,1.6646592785249783
25,26,1,1.2581567400535032
25,26,1,1.0143598685418478
25,26,1,1.7068129935777085
26,27,1,1.4186849053019792
26,27,1,1.1629365887632286
26,27,1,0.0
27,28,1,1.085956381025483
27,28,1,1.2406453404739353
28,29,1,1.4815943525175992
28,29,1,1.386132928745909
29,30,1,1.6797155991666306
29,30,1,1.6023274133467158
30,31,1,2.1393606957792235
30,31,1,1.8199614861842586
31,32,1,1.9735303282238263
32,33,1,1.376079790782822
33,34,1,1.6226071547748169
34,35,1,1.1755668032002076
0,2,2,1.090915660041304
1,3,2,2.310105357944396
2,4,2,0.5961123398179281
3,5,2,1.1342907578715782
4,6,2,1.581265929975478
4,6,2,0.7160534629139871
5,7,2,1.0658524978533706
5,7,2,1.7854460033983073
6,8,2,0.16489010563241005
6,8,2,0.9315897552133788
7,9,2,2.096838170408765
7,9,2,1.7362160104326827
8,10,2,1.9912841876635679
8,10,2,1.7176944242143333
8,10,2,2.9804463180722167
9,11,2,1.8630061609569992
9,11,2,1.5176610903537806
9,11,2,1.173927766681652
10,12,2,6.172870601204599
10,12,2,7.018436774517007
10,12,2,6.44511852434319
11,13,2,6.64968354474407
11,13,2,4.640914172163316
11,13,2,4.498631792454535
12,14,2,0.8890719204706868
12,14,2,1.704407868692007
12,14,2,0.0
12,14,2,1.4877113853472328
13,15,2,2.0168201217872666
13,15,2,0.0
13,15,2,1.7722527149836207
13,15,2,1.6875268342508836
14,16,2,1.0648140815312819
14,16,2,1.1472453182490425
14,16,2,0.732270601320535
15,17,2,2.8445371750790556
15,17,2,2.039997202752233
15,17,2,1.4145778351397142
16,18,2,0.6538698164233943
16,18,2,1.6616141008147443
16,18,2,1.5579198010000659
16,18,2,0.6964919890747624
17,19,2,1.3071030620417052
17,19,2,0.9129526261763138
17,19,2,0.0
17,19,2,1.9045423798304235
18,20,2,1.0958558318514722
18,20,2,1.96025726850582
18,20,2,1.0251006050420037
19,21,2,0.7496315829996377
19,21,2,1.2387315268551564
19,21,2,1.4730061776349648
20,22,2,2.518803949622704
20,22,2,1.7582219534423151
20,22,2,2.081625656807649
20,22,2,2.98560898019527
21,23,2,1.1030616914407412
21,23,2,1.937471086932215
21,23,2,1.3103585814582044
21,23,2,1.2642625377588428
22,24,2,4.696946183421722
22,24,2,3.4679334730598317
22,24,2,4.187634182369169
23,25,2,4.571776302048358
23,25,2,4.461850508544081
23,25,2,6.047064797338678
24,26,2,0.9296399177905765
24,26,2,0.8781716130729645
24,26,2,1.2095997319439402
25,27,2,1.6604502959215206
25,27,2,1.2776481010028606
25,27,2,1.1994412599187243
26,28,2,0.5419502640111563
26,28,2,0.9337093412068084
27,29,2,1.5331248142238665
27,29,2,0.9261603250809849
28,30,2,0.7398222137387217
28,30,2,0.6498883775780107
29,31,2,1.299834069071806
29,31,2,1.1072889791301956
30,32,2,0.3694105759561862
31,33,2,0.48077791870017217
32,34,2,1.7750449463170452
33,35,2,0.4778497085788376
0,3,3,1.9703860263584385
1,4,3,1.2848523768892148
2,5,3,1.0632482321940848
3,6,3,2.1777238420762552
4,7,3,1.4365882097261138
4,7,3,2.0374901330406323
5,8,3,1.595766113024806
5,8,3,1.719746638935358
6,9,3,1.9735022785601903
6,9,3,1.3982630838753667
7,10,3,1.6776941205609641
7,10,3,2.7425944982399595
8,11,3,0.0
8,11,3,1.4884242656252973
8,11,3,0.9730582332916807
9,12,3,8.522240334602401
9,12,3,5.852868106756516
9,12,3,4.176811981805435
10,13,3,6.186792732834633
10,13,3,6.711667828929806
10,13,3,6.530612530053308
11,14,3,7.39100598692568
11,14,3,6.208304931966315
11,14,3,5.158622771780361
12,15,3,2.2496982539457044
12,15,3,1.2306904318873142
12,15,3,1.5035851763792687
12,15,3,1.3848531808874245
13,16,3,2.044733173510801
13,16,3,2.383597378085648
13,16,3,1.8720131062257868
14,17,3,1.8531650966551894
14,17,3,0.0
14,17,3,1.1488470167283527
15,18,3,1.8765415125476892
15,18,3,3.4264645583155806
15,18,3,1.7163818831430886
16,19,3,1.7438529868882493
16,19,3,1.716254160910852
16,19,3,2.021522299011103
16,19,3,2.443662737050306
17,20,3,1.8326181207285943
17,20,3,2.224499923093714
17,20,3,2.6127525345684175
18,21,3,1.151576897477898
18,21,3,2.5008234214608915
18,21,3,1.5387655197838113
19,22,3,1.987669954442977
19,22,3,1.2935749252334088
19,22,3,2.444979639747373
20,23,3,1.1623561964038254
20,23,3,1.8060874595459944
20,23,3,1.4443730434725595
20,23,3,1.5016658549112805
21,24,3,5.640323230774756
21,24,3,5.276397068791495
21,24,3,6.4227224951890705
22,25,3,4.5692414102662635
22,25,3,3.3928686217110324
22,25,3,4.46406197256924
23,26,3,4.141521402287879
23,26,3,3.862912510103082
23,26,3,4.715776549024575
24,27,3,1.5283796884983034
24,27,3,1.3286787759454564
24,27,3,0.9021064512811974
25,28,3,1.2424700373724027
25,28,3,2.526267577217695
26,29,3,1.102451714336673
26,29,3,0.9204409831663198
27,30,3,1.1622241423361523
27,30,3,1.483651660433669
28,31,3,1.9238261178100238
28,31,3,1.8501341837728953
29,32,3,1.9460436501707399
30,33,3,1.2883514671806793
31,34,3,1.7455384898600674
32,35,3,1.1370574557319468
0,4,4,0.8975880849607489
1,5,4,1.9191531321449908
2,6,4,1.8024658538194855
3,7,4,1.4243967356640146
4,8,4,1.2988026869814355
4,8,4,0.43175861093003315
5,9,4,2.494958423552538
5,9,4,1.6414351632669884
6,10,4,1.9946530489947445
6,10,4,1.9361504969198517
7,11,4,0.0
7,11,4,1.1883950900694922
8,12,4,8.196647587407751
8,12,4,6.110361985357073
8,12,4,3.72531479973066
9,13,4,8.478482711484016
9,13,4,5.561701321221161
9,13,4,4.2353206813852475
10,14,4,6.867405394093768
10,14,4,8.242453081633203
10,14,4,7.269915336731253
11,15,4,7.936374380590629
11,15,4,5.3060126283223825
11,15,4,4.656094095918564
12,16,4,2.4173426602651986
12,16,4,2.299634176285577
12,16,4,1.3149953218954609
13,17,4,2.9529812204813166
13,17,4,0.8010941763337706
13,17,4,2.0396579312856304
14,18,4,0.9559941185669887
14,18,4,1.946452819497265
14,18,4,1.6217238254435584
15,19,4,3.4114441794532833
15,19,4,3.635399002696382
15,19,4,1.7599129554296251
16,20,4,1.917071118697959
16,20,4,1.323431118104759
16,20,4,1.1939979067817377
17,21,4,1.9248792975122728
17,21,4,1.5499237437848805
17,21,4,2.020260466390457
18,22,4,1.9748942596932748
18,22,4,1.791781926346054
18,22,4,1.5510548379954394
19,23,4,0.0
19,23,4,1.6739685145376355
19,23,4,1.7037529450050959
20,24,4,4.54932781469425
20,24,4,4.586991079427626
20,24,4,6.276615054067169
21,25,4,5.476322591050615
21,25,4,5.224762284730845
21,25,4,6.75771342459702
22,26,4,4.13933867409027
22,26,4,2.8935252349880547
22,26,4,3.270171821300108
23,27,4,3.991427411639484
23,27,4,4.4767764628989735
23,27,4,5.1141096629222975
24,28,4,0.8597306625299583
24,28,4,1.8080422053102008
25,29,4,0.8608443168091771
25,29,4,1.9163331774994954
26,30,4,1.0112645381060412
26,30,4,1.1519912150265075
27,31,4,1.796859023836684
27,31,4,2.075199445022523
28,32,4,0.9292901477805142
29,33,4,1.0532615944204298
30,34,4,1.4252676426102506
31,35,4,1.1432522266686556
0,5,5,1.5314594532622097
1,6,5,1.9867078082122587
2,7,5,1.6209413405479554
3,8,5,1.9655082610957373
4,9,5,2.5040691292733888
4,9,5,1.3966525727452834
5,10,5,1.0860250950160544
5,10,5,1.6133592949908695
6,11,5,1.1576502870160008
6,11,5,0.8052667882733536
7,12,5,6.758468109218937
7,12,5,4.637326261834376
8,13,5,8.156838792392406
8,13,5,5.9019727733323935
8,13,5,4.076727266500849
9,14,5,9.255774168280027
9,14,5,7.0644394759062275
9,14,5,4.893174440131057
10,15,5,7.621450260197187
10,15,5,7.357828908697245
10,15,5,6.680623377485608
11,16,5,7.031938813130312
11,16,5,6.411097593358713
12,17,5,3.2211853453373007
12,17,5,1.4373222397093597
12,17,5,2.267733959952537
13,18,5,1.9623725221437416
13,18,5,3.188031990400999
13,18,5,2.1879081905627182
14,19,5,2.393951765087022
14,19,5,2.1149411137414713
14,19,5,1.4682880062405101
15,20,5,3.606739124832519
15,20,5,1.611209853553636
16,21,5,2.1469983830486865
16,21,5,2.0052436395623285
16,21,5,1.8793827980627031
17,22,5,0.0
17,22,5,0.8202890181492632
17,22,5,1.2792381974125728
18,23,5,0.692441845082603
18,23,5,1.9065223228880197
18,23,5,0.834215682117053
19,24,5,5.997367873780468
19,24,5,5.6616868827857925
20,25,5,4.4850631563464045
20,25,5,4.72303293791454
20,25,5,6.915426011291661
21,26,5,5.091359690741891
21,26,5,4.6830412167795865
21,26,5,5.51296288677586
22,27,5,4.045418227807889
22,27,5,3.57345093985279
22,27,5,3.6421885953103965
23,28,5,4.265564000020971
23,28,5,4.159923158061278
24,29,5,1.3713940714667805
24,29,5,1.969143158920564
25,30,5,1.3575109779999408
25,30,5,2.8303049253289756
26,31,5,1.496675687051024
26,31,5,1.9307131121150538
27,32,5,1.7942866679608864
28,33,5,1.4552712221066142
29,34,5,0.44524556466773946
30,35,5,0.911607693915237
0,6,6,1.2696097673601272
1,7,6,2.312402536176471
2,8,6,1.712932466855153
3,9,6,2.711305431376714
4,10,6,0.7828855274702714
4,10,6,1.5876943184458119
5,11,6,0.0
5,11,6,1.2437906582602782
6,12,6,7.724581010211853
6,12,6,5.434410151265767
7,13,6,6.760785055322941
7,13,6,4.25184995237955
8,14,6,8.93193111640585
8,14,6,7.405922223570437
8,14,6,4.620194409948084
9,15,6,9.610407298614428
9,15,6,6.169447004404789
9,15,6,4.481389770221625
10,16,6,9.067718403012323
10,16,6,8.46837861189757
11,17,6,7.850177318831682
11,17,6,5.978110756140759
12,18,6,2.2661757416458777
12,18,6,3.117884458791908
12,18,6,1.7744912910337438
13,19,6,3.629837959140491
13,19,6,3.2563160237096707
13,19,6,2.735451778488001
14,20,6,2.2736323443816735
14,20,6,1.461126051388283
15,21,6,4.001148085743563
15,21,6,1.9307314567033669
16,22,6,1.4285811681318377
16,22,6,1.096434301825062
16,22,6,1.1552215331228148
17,23,6,0.8467576654380062
17,23,6,1.391376490560271
17,23,6,1.43491804487027
18,24,6,4.352448849973255
18,24,6,4.403722328031795
19,25,6,5.785050327718262
19,25,6,5.539297487930095
20,26,6,4.012813705140718
20,26,6,3.9643253023291933
20,26,6,5.430076131203365
21,27,6,4.855279786566825
21,27,6,5.168647090629154
21,27,6,5.87440772594809
22,28,6,3.3438337714981077
22,28,6,2.881282059739512
23,29,6,3.8839951348311947
23,29,6,4.1015612171784905
24,30,6,1.0967904564396367
24,30,6,2.0174178220336914
25,31,6,1.675528263082541
25,31,6,3.080772281777157
26,32,6,1.4925713076257745
27,33,6,1.9247332268012607
28,34,6,1.1844778215810507
29,35,6,0.8820808548762238
0,7,7,1.7264191610082773
1,8,7,1.858238775829938
2,9,7,2.8041643232219515
3,10,7,1.525512443840339
4,11,7,0.0
4,11,7,1.2616937561845933
5,12,7,6.311308521008321
5,12,7,5.786927724664331
6,13,7,7.708028144884854
6,13,7,5.17670006832506
7,14,7,7.488762288989484
7,14,7,5.797565616311833
8,15,7,9.419783292100451
8,15,7,6.450736161392221
8,15,7,4.128510131111259
9,16,7,7.904327946742247
9,16,7,6.1558698704078285
10,17,7,9.872270268643891
10,17,7,8.064200128479525
11,18,7,6.954822011689487
11,18,7,7.391090786597407
12,19,7,3.8154473978832244
12,19,7,3.3802904202068107
12,19,7,2.8342816737891683
13,20,7,3.674608800723001
13,20,7,2.4143780677956057
14,21,7,2.6135250675143724
14,21,7,1.7093355803615782
15,22,7,2.0318660552014016
15,22,7,1.0113849399632517
16,23,7,1.6714516399205377
16,23,7,1.2766268035205135
16,23,7,0.9709861613091779
17,24,7,5.329936879450066
17,24,7,4.3513422194455025
18,25,7,4.284806248091942
18,25,7,4.507106145476738
19,26,7,5.428679079629704
19,26,7,5.1009977238449125
20,27,7,3.6994261701649624
20,27,7,4.445916947470257
20,27,7,5.856759026295891
21,28,7,5.07946814064209
21,28,7,5.006058070256203
22,29,7,2.846713771951195
22,29,7,2.5085968468599855
23,30,7,4.578577566542399
23,30,7,3.9463224250410893
24,31,7,2.0106056411395343
24,31,7,2.89218677855724
25,32,7,3.148255260088495
26,33,7,1.7231396487441404
27,34,7,0.43341225595707805
28,35,7,0.9948261955733706
0,8,8,0.0
1,9,8,3.0264946443614527
2,10,8,0.5828803556929586
3,11,8,0.7497006538022792
4,12,8,6.659808725153779
4,12,8,6.001794661263816
5,13,8,6.288015185966789
5,13,8,5.430684516997017
6,14,8,8.435459620987295
6,14,8,6.711636825288473
7,15,8,7.9378851978791936
7,15,8,4.940995979329941
8,16,8,8.225484247640933
8,16,8,5.875344179071767
9,17,8,8.714928313885466
9,17,8,5.691414653439413
10,18,8,9.013715333923582
10,18,8,9.464824847159733
11,19,8,8.526873023694625
11,19,8,7.648731360561029
12,20,8,3.2819617623689714
12,20,8,1.8317106426028735
13,21,8,3.8736794932144676
13,21,8,2.814171220994105
14,22,8,0.0
14,22,8,0.7013147280037373
15,23,8,3.511534875520338
15,23,8,1.2845242061110744
16,24,8,4.344907537742912
16,24,8,3.8018012148733935
17,25,8,5.145352974386929
17,25,8,4.156266703364976
18,26,8,3.830724145054716
18,26,8,3.784580900550538
19,27,8,5.230522936529279
19,27,8,5.628494807324536
20,28,8,4.253681143949929
20,28,8,4.747633930311907
21,29,8,4.631765823908423
21,29,8,4.7988457194961285
22,30,8,3.662657840898931
22,30,8,2.78741503869319
23,31,8,3.1079499724409225
23,31,8,3.3240525042543334
24,32,8,2.2766703951785034
25,33,8,3.144279438162255
26,34,8,0.5153124546634922
27,35,8,1.4380526066053234
0,9,9,2.1636582952605594
1,10,9,1.3897734092396818
2,11,9,0.3872783712646341
3,12,9,6.248134568118167
4,13,9,6.660905125977059
4,13,9,5.775681988515407
5,14,9,7.033753268536682
5,14,9,6.976085405385395
6,15,9,9.009995306838828
6,15,9,5.7754356691962565
7,16,9,6.641814036841886
8,17,9,9.050713429542428
8,17,9,5.478177176809133
9,18,9,7.830972664987946
9,18,9,7.126777833711276
10,19,9,10.556228959290019
10,19,9,9.704313049504627
11,20,9,7.561317184734416
12,21,9,3.769491512409424
12,21,9,2.7022949620348227
13,22,9,0.6154252261358064
13,22,9,1.6653236946438568
14,23,9,2.0329727022789763
14,23,9,1.0773726324955433
15,24,9,4.381117495334216
16,25,9,4.295035878230378
16,25,9,3.912418446394979
17,26,9,4.774727350304211
17,26,9,3.838848868146566
18,27,9,3.6397252969509712
18,27,9,4.377557291185278
19,28,9,5.538249901299418
20,29,9,4.179423454862671
20,29,9,5.066674636510135
21,30,9,5.357739075128647
21,30,9,4.810631942927089
22,31,9,2.1879839250898327
22,31,9,2.030418964263349
23,32,9,3.8831253059430733
24,33,9,2.772171665679742
25,34,9,1.7030549869775737
26,35,9,1.1862316287108565
0,10,10,1.3545411083688954
1,11,10,1.4903815890227665
2,12,10,6.409634440392946
3,13,10,6.2050975171708735
4,14,10,7.363640152553741
4,14,10,7.295910659264282
5,15,10,7.569332018259251
5,15,10,6.116301633939439
6,16,10,7.528786848661594
7,17,10,7.449450663962839
8,18,10,8.1185687130421
8,18,10,6.839111440620646
9,19,10,9.325560419493943
9,19,10,7.3317902594920135
10,20,10,9.660720722130753
11,21,10,7.9794103838444705
12,22,10,1.379012085352973
12,22,10,1.6241057569984447
13,23,10,3.166444281369315
13,23,10,1.9410718177616433
14,24,10,4.610029125981272
15,25,10,4.259583591135499
16,26,10,3.7824091437622163
16,26,10,3.1745560627173957
17,27,10,4.701562016962537
17,27,10,4.493932262642335
18,28,10,4.1258905008645606
19,29,10,4.945610611246466
20,30,10,4.550098945307429
20,30,10,4.442994015084306
21,31,10,3.753160553610386
21,31,10,3.9764010347536187
22,32,10,2.871806574990517
23,33,10,3.0531396809273663
24,34,10,1.5033204328023428
25,35,10,2.6889788473858336
0,11,11,0.664056521375878
1,12,11,7.05864220712487
2,13,11,6.421138832140805
3,14,11,6.968978669530616
4,15,11,8.051647954734861
4,15,11,6.346869722011573
5,16,11,7.798573118496405
6,17,11,8.352126738414722
7,18,11,6.582449784422234
8,19,11,9.692762688043393
8,19,11,7.140254165688642
9,20,11,7.358140496365072
10,21,11,10.036158538016902
11,22,11,5.644091902010372
12,23,11,3.211717381061547
12,23,11,1.7522309361947128
13,24,11,3.4886038966369846
14,25,11,4.509049118278043
15,26,11,3.8325446785745347
16,27,11,3.577662760397369
16,27,11,3.802748403425735
17,28,11,4.328442748281255
18,29,11,3.9477833197441887
19,30,11,5.814941436301925
20,31,11,3.346966046526642
20,31,11,4.230259625736086
21,32,11,4.75130567418647
22,33,11,1.836898178296883
23,34,11,4.560447078717869
24,35,11,2.222302134694018
0,12,12,7.439879479174401
1,13,12,7.093928163760651
2,14,12,7.1051366205564825
3,15,12,7.4399501696397365
4,16,12,8.111682283276116
5,17,12,8.599874254212395
6,18,12,7.431752627112954
7,19,12,8.06930159652673
8,20,12,6.9401440326600765
9,21,12,7.674645141795842
10,22,12,7.70874630348264
11,23,12,7.530966049632138
12,24,12,3.1516440175242133
13,25,12,3.356452638756584
14,26,12,4.045133867761024
15,27,12,3.6593426936344486
16,28,12,3.520847520433219
17,29,12,3.601422975046301
18,30,12,4.4454717288198164
19,31,12,4.130638330292765
20,32,12,4.27033171674881
21,33,12,3.772612762801337
22,34,12,3.046088509962322
23,35,12,3.6189594513092285
0,13,13,7.449646231140136
1,14,13,7.727628748884318
2,15,13,7.852761326894058
4,17,13,8.936105270109486
5,18,13,7.74885394893949
6,19,13,9.01719332878655
8,21,13,7.441303263897496
9,22,13,5.393352047149179
10,23,13,9.607363449305176
12,25,13,3.0824161344701637
13,26,13,2.9975355742254446
14,27,13,3.877605596723809
16,29,13,3.3704515666753356
17,30,13,4.620892658597076
18,31,13,3.1692507617556283
20,33,13,3.855612647576451
21,34,13,5.3226258777268916
22,35,13,2.2988554313554364
0,14,14,8.139924175881397
1,15,14,8.588414860403763
4,18,14,8.009909672247183
5,19,14,9.282880105719604
8,22,14,5.150299276295914
9,23,14,7.270659101962574
12,26,14,2.618526895009273
13,27,14,3.1291136153760277
16,30,14,3.852434436688821
17,31,14,2.977675805911637
20,34,14,5.378062889267861
21,35,14,4.4028161390603495
0,15,15,8.852566534005698
4,19,15,9.599261799190268
8,23,15,6.984891124543295
12,27,15,2.5189896020468168
16,31,15,2.6309093658919904
20,35,15,4.351400636603648
