sequence_id,window_a,window_b,n_overlap,status,alignment_scale,alignment_rotation_deg,alignment_translation_norm,overlap_center_RMSE_before,overlap_center_RMSE_after,overlap_rotation_error_before,center_spread
mustc__plot198__230613__ugv__pos00,0,1,8,OK,0.792162943093582,88.05378420256858,0.6494432323875372,0.6703600883483887,0.03636467505145139,87.71464538574219,0.43842912
plantview__langdon_4__05-03-24,0,1,8,OK,1.0503155196429053,44.524370220953216,0.7650250937528721,0.7316808700561523,0.007555459498578737,45.72346496582031,0.19867158
plantview__langdon_4__05-03-24,1,2,8,OK,1.0117258023091065,48.272283673907246,0.7756242235061419,0.7522608637809753,0.008269164730363274,45.82442092895508,0.21103066
plantview__langdon_4__05-03-24,2,3,8,OK,0.9838563705640628,45.932244627373905,0.8273069970917482,0.8428326845169067,0.00913095069924196,49.70989227294922,0.21094908
plantview__langdon_4__05-03-24,3,4,8,OK,0.9730634768601476,44.00038565441089,0.7059769350199684,0.7129853963851929,0.009242411716151536,41.274436950683594,0.2054367
plantview__langdon_4__05-03-24,4,5,8,OK,1.0583695804564301,44.19407571929342,0.8018283971626942,0.7646344304084778,0.012734326379460714,46.067237854003906,0.20117007
plantview__langdon_4__05-03-24,5,6,8,OK,1.0621972012125962,48.732236580239395,0.8359450342762972,0.7890508770942688,0.00570902243956892,45.808570861816406,0.21606873
plantview__langdon_4__05-03-24,6,7,8,OK,1.055831793118722,50.79038431985487,0.9646938980033719,0.902241051197052,0.014638863278903557,51.05858612060547,0.22183609
plantview__langdon_4__05-03-24,7,8,8,OK,0.8629652802984771,41.71294307271989,0.6970003297508359,0.7601178884506226,0.009813012581561994,42.154296875,0.23564707
plantview__langdon_4__05-03-24,8,9,8,OK,0.962581658668502,57.58684919306886,0.755686971863784,0.7732449173927307,0.030095933044684314,46.127532958984375,0.23407215
plantview__langdon_4__05-03-24,9,10,8,OK,1.0368272900140958,47.76831856381596,0.8581326102048565,0.8201093077659607,0.0055501466472476025,45.57961654663086,0.22659823
plantview__langdon_4__05-03-24,10,11,8,OK,1.1695715001480094,49.92157142395651,1.0844958725166933,0.8829557299613953,0.017709627417481947,48.35362243652344,0.22493538
plantview__langdon_4__05-03-24,11,12,8,OK,0.7787398389548731,45.19258466193071,0.7041888626243289,0.8229344487190247,0.018148547562260364,44.02320861816406,0.2749437
plantview__langdon_4__05-03-24,12,13,8,OK,1.098710883852958,44.164428145788655,0.8988296695405504,0.7945589423179626,0.007826071026615205,48.06824493408203,0.21527319
plantview__langdon_4__05-03-24,13,14,8,OK,1.0071854146956283,44.77932189545682,0.8746190093438582,0.8423986434936523,0.006399810820603423,45.583168029785156,0.23752075
plantview__langdon_4__05-03-24,14,15,8,OK,1.0359128062883578,53.484501788679154,0.9845839327517742,0.9470819234848022,0.014821503385467364,50.392181396484375,0.23336959
plantview__langdon_4__05-03-24,15,16,8,OK,0.841688844664275,46.25503677527858,0.6655253088174806,0.7283033728599548,0.01610038786631825,40.80541229248047,0.24273619
plantview__langdon_4__05-03-24,16,17,8,OK,1.1469084829039513,42.5226129673292,0.8956543270857402,0.7594019770622253,0.012700187079104967,47.079566955566406,0.19289029
plantview__langdon_4__05-03-24,17,18,8,OK,0.9866544800389896,45.18974200315375,0.803964600618732,0.7934751510620117,0.006089444192525242,44.3848876953125,0.22416483
plantview__langdon_4__05-03-24,18,19,8,OK,1.0458221201977882,49.06518822341266,0.9147791700656944,0.8557131886482239,0.012503097834662656,48.555564880371094,0.22116584
plantview__langdon_4__05-03-24,19,20,8,OK,0.8876329971952628,42.751598776988125,0.6659084606042536,0.7101755738258362,0.006437964110628901,40.40837097167969,0.22337213
plantview__langdon_4__05-03-24,20,21,8,OK,1.0296050574593612,42.925493591688394,0.7781786565634381,0.7595018744468689,0.011632592558732524,45.98040008544922,0.19967794
plantview__langdon_4__05-03-24,21,22,8,OK,1.0246050191464957,46.03354563595342,0.78726902505779,0.7581994533538818,0.009557780478308176,45.34063720703125,0.21117412
plantview__langdon_4__05-03-24,22,23,8,OK,1.00578292948475,49.643442346122306,0.8554507798343869,0.8311916589736938,0.009449348010589434,49.535579681396484,0.20654663
plantview__langdon_4__05-03-24,23,24,8,OK,0.9434153174459518,44.49392135156205,0.6494606606645504,0.6678724884986877,0.00814905364951303,40.47337341308594,0.20658079
plantview__langdon_4__05-03-24,24,25,8,OK,1.0000214977677908,47.637230788150816,0.7514739994988631,0.7656469345092773,0.008058826527953788,48.34113311767578,0.19634728
plantview__langdon_4__05-03-24,25,26,8,OK,1.0793090375013281,47.05311690068329,0.7884807866336206,0.7289007902145386,0.00865235639507059,45.01340103149414,0.19740385
plantview__langdon_4__05-03-24,26,27,8,OK,0.9502570486526678,47.46779712305589,0.7883066828413614,0.8475292325019836,0.009195751230554355,50.63176727294922,0.20699596
plantview__langdon_4__05-03-24,27,28,8,OK,0.9683734100177993,44.050073501123364,0.6560509757270097,0.6659619808197021,0.008006991543587435,41.361000061035156,0.1982306
plantview__langdon_4__05-03-24,28,29,8,OK,1.0202413044764107,47.684774165041226,0.7580822943955049,0.7566031813621521,0.009025444882131738,49.209991455078125,0.18825188
plantview__langdon_4__05-03-24,29,30,8,OK,1.097590167861847,50.14823445620497,0.7750267544030848,0.7243216037750244,0.005398078713890979,44.6280517578125,0.19569466
plantview__langdon_4__05-03-24,30,31,8,OK,0.9082668864128789,43.13844533131783,0.7435557678026644,0.8413593769073486,0.010299774925958342,49.4784049987793,0.20888701
plantview__langdon_4__05-03-24,31,32,8,OK,1.0093478082059872,48.03373420468925,0.6609242304671972,0.6590074300765991,0.010694799396329674,42.02460861206055,0.19018875
plantview__langdon_4__05-03-24,32,33,8,OK,1.0760909964961796,46.86964086621304,0.8043004526462022,0.7404417991638184,0.00793858690742815,48.723777770996094,0.19084147
plantview__langdon_4__05-03-24,33,34,8,OK,1.0680105372318578,46.62600266741934,0.8030985739239664,0.7581996321678162,0.007996734766937788,46.210784912109375,0.2056807
plantview__langdon_4__05-03-24,34,35,8,OK,0.9574207483282149,47.79349659541142,0.8158546601757732,0.8580126166343689,0.008477553309039708,50.41883850097656,0.20665339
plantview__langdon_4__05-03-24,35,36,8,OK,0.9738055498724446,48.81387622155086,0.6567594885804803,0.6652414202690125,0.00848336641026813,42.05260467529297,0.19459835
plantview__langdon_4__05-03-24,36,37,8,OK,1.0444319063700085,43.822003274268994,0.7507611648971202,0.7219210863113403,0.01087983050075046,47.18686294555664,0.19173235
plantview__langdon_4__05-03-24,37,38,8,OK,1.0598874408245331,45.027297203348255,0.7874806280797623,0.7467828989028931,0.005499103466465222,45.861427307128906,0.20140149
plantview__langdon_4__12-03-24,0,1,8,OK,0.981789914048605,43.790949183180466,0.7309714976589214,0.7601566314697266,0.013323578272471501,46.12976837158203,0.20178992
plantview__langdon_4__12-03-24,1,2,8,OK,1.0577762258685997,53.39904494354295,0.780809209720105,0.7420090436935425,0.006822551917106509,43.79962158203125,0.19961187
plantview__langdon_4__12-03-24,2,3,8,OK,0.9626336158864666,48.116301744383776,0.7956486637222956,0.8470320701599121,0.009836395014640346,49.456695556640625,0.2139477
plantview__langdon_4__12-03-24,3,4,8,OK,0.9656837414113151,44.32572161659014,0.6526404122433855,0.6706828474998474,0.007723915298793759,39.54076385498047,0.20484948
plantview__langdon_4__12-03-24,4,5,8,OK,1.0377485359185727,41.6768459550412,0.7723004608507529,0.7531891465187073,0.011681597255929495,46.045536041259766,0.19298105
plantview__langdon_4__12-03-24,5,6,8,OK,1.0258144187089127,42.37781953778366,0.7699618489203646,0.7367867827415466,0.007989985060114769,43.72016143798828,0.20341459
plantview__langdon_4__12-03-24,6,7,8,OK,0.9755157697583964,47.9203488290099,0.7992379610660524,0.8408139944076538,0.00567541938159808,48.457794189453125,0.21193984
plantview__langdon_4__12-03-24,7,8,8,OK,0.9714098801535344,43.598495844729506,0.6737621417569002,0.6922279000282288,0.007486976059702343,40.260528564453125,0.20606574
plantview__langdon_4__12-03-24,8,9,8,OK,1.0007290639088724,43.05987428533926,0.7553207408029168,0.7809090614318848,0.01247152954118059,47.07112121582031,0.19768324
plantview__langdon_4__12-03-24,9,10,8,OK,1.0638587557779884,48.21400615299815,0.7709848150447727,0.7358194589614868,0.008482072512230961,43.24073791503906,0.19138563
plantview__langdon_4__12-03-24,10,11,8,OK,0.9961808772086302,48.01183680351138,0.7982048857805621,0.7958580851554871,0.015054117525806375,47.83259582519531,0.20473032
plantview__langdon_4__12-03-24,11,12,8,OK,0.9344699231883957,46.644577422824916,0.6765750477925219,0.7017771601676941,0.008420190757965592,41.21664810180664,0.2103608
plantview__langdon_4__12-03-24,12,13,8,OK,1.0263060542866072,47.48082598264132,0.7754662296936875,0.7698218822479248,0.011627223270459614,46.18916320800781,0.18880337
plantview__langdon_4__12-03-24,13,14,8,OK,1.0005096898922368,42.78033766969745,0.7436483144891721,0.7240537405014038,0.0053198508596993595,43.57218933105469,0.20242664
plantview__langdon_4__12-03-24,14,15,8,OK,0.9367093982038552,47.39859487579085,0.742653936497607,0.8177722692489624,0.0065698240105498485,48.88759994506836,0.20433645
plantview__langdon_4__12-03-24,15,16,8,OK,0.9516154971008395,45.61845314430276,0.6518501454485148,0.6768977642059326,0.007810644158934077,40.41000747680664,0.20246421
plantview__langdon_4__12-03-24,16,17,8,OK,0.9991866967795913,43.813814826062064,0.7407571663799476,0.7575612664222717,0.008101607857032199,47.06775665283203,0.19889534
plantview__langdon_4__12-03-24,17,18,8,OK,0.9993869008872097,57.02775848400008,0.7375749592098473,0.7270008325576782,0.007159763245406873,44.0502815246582,0.2002655
plantview__langdon_4__12-03-24,18,19,8,OK,0.9544913970203329,48.35741329225904,0.760029406918132,0.8221215605735779,0.009327829781469258,48.97105026245117,0.20379537
plantview__langdon_4__12-03-24,19,20,8,OK,0.9583242838048986,45.12409311264656,0.6493530656621813,0.6678640842437744,0.006191978562523903,40.262977600097656,0.19365066
plantview__langdon_4__12-03-24,20,21,8,OK,0.9743066374734705,41.5151125222976,0.6819892691714051,0.7283000946044922,0.02027713971396816,45.61705780029297,0.20001644
plantview__langdon_4__12-03-24,21,22,8,OK,1.0060431548506714,44.54153237788814,0.7407900424823323,0.724826455116272,0.007385147124836018,42.81903076171875,0.20064053
plantview__langdon_4__12-03-24,22,23,8,OK,1.005611642839953,45.94225603714366,0.8009958633612264,0.7897931337356567,0.007230280109196564,46.72703552246094,0.20410675
plantview__langdon_4__12-03-24,23,24,8,OK,0.9313854262102602,44.94075793332735,0.665322184381417,0.7001691460609436,0.009898033307796955,41.21269989013672,0.20843047
plantview__langdon_4__12-03-24,24,25,8,OK,1.0819434144161404,40.22236818115162,0.802329645984861,0.7232860922813416,0.011925861151347474,45.01283264160156,0.18437926
plantview__langdon_4__12-03-24,25,26,8,OK,1.027862591258544,45.70131356861965,0.7920051800253674,0.7516283988952637,0.006141617999445434,44.42570495605469,0.20985626
plantview__langdon_4__12-03-24,26,27,8,OK,1.0472834856327484,47.276900314675046,0.8803551875558876,0.8483452200889587,0.015610499206339678,47.93235778808594,0.21905339
plantview__langdon_4__12-03-24,27,28,8,OK,0.8656395355878813,44.606496579677454,0.664497948622748,0.7241110801696777,0.016476183657080243,41.369964599609375,0.23668768
plantview__langdon_4__12-03-24,28,29,8,OK,1.0814086762867667,45.06602698081767,0.8388408815312968,0.7771828174591064,0.014125057920800948,47.06734848022461,0.19364694
plantview__langdon_4__12-03-24,29,30,8,OK,1.003809169205715,46.91781476510567,0.7934783164659402,0.7756224274635315,0.010592607514602103,44.6156005859375,0.21566078
plantview__langdon_4__12-03-24,30,31,8,OK,1.0402452177568275,44.886108242405285,0.8626266574042031,0.8436425924301147,0.014371451713932679,48.40996170043945,0.21930623
plantview__langdon_4__12-03-24,31,32,8,OK,0.8675791271257353,44.606882516166856,0.6599879745162137,0.7185199856758118,0.010844591998641882,41.38468933105469,0.22906539
plantview__langdon_4__12-03-24,32,33,8,OK,1.066101218560639,43.165145259995604,0.7995823824562835,0.744684100151062,0.00849085880079657,45.021034240722656,0.19578588
plantview__langdon_4__12-03-24,33,34,8,OK,1.029307168385738,43.20755367739501,0.7921087465355038,0.7669726014137268,0.009057568583982288,43.7489128112793,0.21171041
plantview__langdon_4__12-03-24,34,35,8,OK,1.0527441967977544,49.18553189673342,0.8992770164251561,0.8639360070228577,0.015009587360036757,48.197288513183594,0.22180662
plantview__langdon_4__12-03-24,35,36,8,OK,0.8421343285608477,40.5383989714323,0.6463540112842724,0.7176983952522278,0.012241917708183612,40.018463134765625,0.23812367
plantview__langdon_4__12-03-24,36,37,8,OK,1.0251064632727793,41.875160812490286,0.7709325971694647,0.7560851573944092,0.009922406923107143,45.63039016723633,0.20002422
plantview__langdon_4__12-03-24,37,38,8,OK,1.0339260703967381,45.11477621844399,0.7941213890078995,0.7677137851715088,0.007228408362510888,43.21684265136719,0.2126749
plantview__langdon_4__15-04-24,0,1,8,OK,0.9308982352980594,53.40745855709757,0.7862683719741435,0.8972693681716919,0.01672561936481829,54.382232666015625,0.21785018
plantview__langdon_4__15-04-24,1,2,8,OK,1.065058121137657,28.576566856867927,0.4778721279913827,0.4491356909275055,0.006701693019488343,26.917980194091797,0.20420194
plantview__langdon_4__15-04-24,2,3,8,OK,1.0281088622107757,58.16697771427949,0.8782328335824288,0.8388398885726929,0.020687538082468055,50.32422637939453,0.16196924
plantview__langdon_4__15-04-24,3,4,8,OK,0.9525627647297867,20.2624469997373,0.3132790858533177,0.3241455554962158,0.00860251139467242,18.258390426635742,0.2182081
plantview__langdon_4__15-04-24,4,5,8,OK,1.0726192345454892,46.46390004984934,0.8617091775765272,0.7947791218757629,0.009234306152930872,48.38178253173828,0.20328751
plantview__langdon_4__15-04-24,5,6,8,OK,0.9556621808994493,24.719411235510247,0.4262946938056328,0.3996500074863434,0.004136852506349854,24.352313995361328,0.22015472
plantview__langdon_4__15-04-24,6,7,8,OK,1.0618956487741469,53.24692193858948,0.8997528077087081,0.8349115252494812,0.02040953524562666,48.23390197753906,0.16395654
plantview__langdon_4__15-04-24,7,8,8,OK,0.9523861889864794,22.636380822740463,0.31497269622100166,0.3238602578639984,0.015955487527368743,17.881000518798828,0.21485817
plantview__langdon_4__15-04-24,8,9,8,OK,1.0555365906178673,43.50945656898397,0.8402156689031278,0.7873894572257996,0.008352896305388503,47.618778228759766,0.20667526
plantview__langdon_4__15-04-24,9,10,8,OK,0.9994258505139206,23.98909595268446,0.45623567541787763,0.4106726050376892,0.009895941860454742,24.54718017578125,0.22013767
plantview__langdon_4__15-04-24,10,11,8,OK,0.9546728420642953,68.96268788335837,0.8393603968030019,0.8933363556861877,0.02858385368835014,50.16383361816406,0.17490536
plantview__langdon_4__15-04-24,11,12,8,OK,0.9774738633037552,16.103180931510224,0.2937483919084787,0.2915201485157013,0.013913534321838271,16.816158294677734,0.20532683
plantview__langdon_4__15-04-24,12,13,8,OK,1.032407880736194,44.96052183970415,0.7978461411529848,0.7706426382064819,0.011628583726712145,46.219627380371094,0.19625492
plantview__langdon_4__15-04-24,13,14,8,OK,0.9746129159271858,19.42927343579664,0.4077950086668688,0.37655845284461975,0.0075621327223869324,21.527660369873047,0.22423376
plantview__langdon_4__15-04-24,14,15,8,OK,1.022561685256609,62.45001499407815,0.8923702287503095,0.8639320731163025,0.026955824186535603,48.57032775878906,0.15109581
plantview__langdon_4__15-04-24,15,16,8,OK,0.9005231241202177,21.221798215899966,0.27435177173867403,0.28805118799209595,0.011532849948248136,16.781219482421875,0.22356513
plantview__langdon_4__15-04-24,16,17,8,OK,0.9712030036384234,49.41511200573835,0.7368486026096734,0.7904528975486755,0.016985363751138006,47.94927215576172,0.2054365
plantview__langdon_4__15-04-24,17,18,8,OK,0.9447810490503856,22.47250993003564,0.42530298696327934,0.39504194259643555,0.008590343063588088,23.282115936279297,0.21660358
plantview__langdon_4__15-04-24,18,19,8,OK,0.9080095300910814,70.8897995241998,0.7384086902828617,0.8237630128860474,0.031638828353041305,47.779930114746094,0.15298435
plantview__langdon_4__15-04-24,19,20,8,OK,0.939417939918504,24.728953528980373,0.27082059443174217,0.28446996212005615,0.012048956113875063,17.00096893310547,0.20699823
plantview__langdon_4__15-04-24,20,21,8,OK,1.0717954170415702,49.084432192680154,0.81286548739059,0.7532529234886169,0.007824555962302106,48.069278717041016,0.18417639
plantview__langdon_4__15-04-24,21,22,8,OK,0.9594170605721878,27.524652493509745,0.39934628980877557,0.37538251280784607,0.007974244947199696,23.480560302734375,0.21106881
plantview__langdon_4__15-04-24,22,23,8,OK,0.9267289280373694,49.0008281632116,0.7377501052148168,0.822982132434845,0.01792823668122051,48.69021987915039,0.15324026
plantview__langdon_4__15-04-24,23,24,8,OK,0.9826276394749359,23.653105739469098,0.27239508254547007,0.28267815709114075,0.009614294923405434,17.219301223754883,0.19758645
plantview__langdon_4__15-04-24,24,25,8,OK,1.1648473971972024,51.303474719815895,0.8867212769294242,0.7563998103141785,0.022333600947354395,48.100040435791016,0.16811612
plantview__langdon_4__15-04-24,25,26,8,OK,0.9840696507930053,27.253454833153274,0.40503985295500927,0.3738422691822052,0.006959102689728464,23.58469009399414,0.1998352
plantview__langdon_4__15-04-24,26,27,8,OK,0.9498188214490771,51.75816483890097,0.7562853905468812,0.7984524369239807,0.01737375807143101,48.83661651611328,0.15561494
plantview__langdon_4__15-04-24,27,28,8,OK,0.9463748076982348,22.145222284303387,0.2702182972827773,0.27420178055763245,0.007913978602569446,17.208648681640625,0.2006203
plantview__langdon_4__15-04-24,28,29,8,OK,1.033811415211806,46.90903604644984,0.7533131009061567,0.7296366691589355,0.016326506425592538,47.50288391113281,0.17493346
plantview__langdon_4__15-04-24,29,30,8,OK,0.9651569353554691,31.147883429582308,0.3837689619965876,0.3550228774547577,0.006789552349216216,22.93415069580078,0.2007324
plantview__langdon_4__15-04-24,30,31,8,OK,0.9433025374560272,61.958018987266044,0.7269464505563877,0.7788184881210327,0.019651880477933516,48.61199188232422,0.15088966
plantview__langdon_4__15-04-24,31,32,8,OK,0.9733162706998073,26.203308849735937,0.276224923288298,0.28873059153556824,0.013127085334209969,17.690017700195312,0.19511054
plantview__langdon_4__15-04-24,32,33,8,OK,1.0011587843461824,51.73317362887773,0.7454038061045252,0.7685872316360474,0.0091338379377984,49.51374053955078,0.19430488
plantview__langdon_4__15-04-24,33,34,8,OK,0.9643702927540952,26.038218644777864,0.4078571927022654,0.36561402678489685,0.009325817631952636,25.099098205566406,0.19611609
plantview__langdon_4__15-04-24,34,35,8,OK,0.9514288451470269,63.141773872072974,0.7161785958486145,0.7636407613754272,0.020830748791573747,48.27417755126953,0.15421304
plantview__langdon_4__15-04-24,35,36,8,OK,0.9980748380165968,21.720233317335936,0.29292681371810403,0.29999393224716187,0.011705988218789414,18.11454200744629,0.19075018
plantview__langdon_4__15-04-24,36,37,8,OK,0.9571268090878609,51.88530708578366,0.7164751679656853,0.7791869044303894,0.01023858797032276,49.66049575805664,0.20554818
plantview__langdon_4__15-04-24,37,38,8,OK,1.0342125648424068,28.504599413025456,0.43791955134785676,0.3793085515499115,0.013107353393630122,24.8336124420166,0.19184297
plantview__langdon_4__19-03-24,0,1,8,OK,0.9892264472478317,45.96792404257956,0.731877730567886,0.7704620957374573,0.016261261644014754,47.82352828979492,0.20272958
plantview__langdon_4__19-03-24,1,2,8,OK,1.0469149794561736,46.368012025165136,0.7810515938708357,0.7588404417037964,0.0097222514382803,45.074214935302734,0.20681518
plantview__langdon_4__19-03-24,2,3,8,OK,1.0263644243724495,50.03194699144584,0.8686688286838333,0.8395863771438599,0.01183714380903359,48.51980972290039,0.21140939
plantview__langdon_4__19-03-24,3,4,8,OK,0.8934995281857697,46.59874490263419,0.6755976472657834,0.7307239174842834,0.009549042459266577,44.11241912841797,0.22407666
plantview__langdon_4__19-03-24,4,5,8,OK,1.088940804549073,45.61587814965502,0.8196677608862108,0.750641942024231,0.011743479021501354,47.37324523925781,0.19263722
plantview__langdon_4__19-03-24,5,6,8,OK,1.0519640426214372,43.03739600357494,0.7978784282291437,0.762933075428009,0.006539515774580276,44.88151931762695,0.21286884
plantview__langdon_4__19-03-24,6,7,8,OK,1.035822198304629,48.901630930024744,0.8968043644793953,0.8808307647705078,0.015165598215398184,48.238094329833984,0.22484535
plantview__langdon_4__19-03-24,7,8,8,OK,0.8423531167491507,45.48947801010118,0.6652464842990498,0.7431311011314392,0.01231844726063428,44.61104202270508,0.23313686
plantview__langdon_4__19-03-24,8,9,8,OK,1.1476720563985041,45.85888002387023,0.8561955759138371,0.7096489071846008,0.012676387136215566,47.39362716674805,0.1888032
plantview__langdon_4__19-03-24,9,10,8,OK,1.0060728749615346,47.35434962671212,0.8023253111639685,0.7837315797805786,0.008278310365882082,45.32255554199219,0.22060362
plantview__langdon_4__19-03-24,10,11,8,OK,1.0756283072572597,48.221205631120874,0.9354943994875107,0.8590062856674194,0.014235712549614948,47.323272705078125,0.21507943
plantview__langdon_4__19-03-24,11,12,8,OK,0.8193495986395947,45.66469793419452,0.6534334895469422,0.7413971424102783,0.011145537569794237,43.21085739135742,0.24640241
plantview__langdon_4__19-03-24,12,13,8,OK,1.1471362733168895,46.54845168468057,0.8748969633929369,0.7283729910850525,0.008391295493553982,46.772621154785156,0.18773553
plantview__langdon_4__19-03-24,13,14,8,OK,1.0120043028706696,45.22829824106021,0.8207287489569337,0.795447051525116,0.0061275000622838145,45.22355651855469,0.22049975
plantview__langdon_4__19-03-24,14,15,8,OK,1.0415052671052814,45.91094008282192,0.8977373888281288,0.8679317831993103,0.013902980312616057,47.53699493408203,0.22777992
plantview__langdon_4__19-03-24,15,16,8,OK,0.7935247874060846,47.283083081224845,0.6416650745100563,0.7431122660636902,0.013997377867391669,42.86250686645508,0.2533371
plantview__langdon_4__19-03-24,16,17,8,OK,1.0303105431905357,47.11447347747518,0.7747879425346331,0.7690548896789551,0.010270557181840247,47.53007888793945,0.1976921
plantview__langdon_4__19-03-24,17,18,8,OK,1.0303351462786399,47.52422754048947,0.7955910706288531,0.7646616697311401,0.013682449290168104,44.72752380371094,0.21117634
plantview__langdon_4__19-03-24,18,19,8,OK,1.0942106785561831,47.14743537580239,0.9259740947436559,0.8400884866714478,0.012818821464397112,47.76927185058594,0.21728088
plantview__langdon_4__19-03-24,19,20,8,OK,0.8391287691221495,44.645565908383304,0.6409188222585867,0.7036939859390259,0.0074659621162283,42.43827819824219,0.22617272
plantview__langdon_4__19-03-24,20,21,8,OK,1.0466826453276759,49.162919441811276,0.7654137436744155,0.7558476328849792,0.009782602910717328,48.26750946044922,0.191769
plantview__langdon_4__19-03-24,21,22,8,OK,1.0184003716359142,53.34773964353791,0.7725400271870371,0.7532174587249756,0.009642127742836145,45.24666976928711,0.20743126
plantview__langdon_4__19-03-24,22,23,8,OK,1.0024098012915637,45.33439990297917,0.8115505961500881,0.8220562934875488,0.0102511992811545,48.15190887451172,0.2139237
plantview__langdon_4__19-03-24,23,24,8,OK,0.9332023828336227,46.35775696111239,0.6497720722686929,0.680208146572113,0.011674238712731782,41.94960021972656,0.20560077
plantview__langdon_4__19-03-24,24,25,8,OK,1.0615545802590944,45.528065998710495,0.7815663024692756,0.7428962588310242,0.011605679354204526,46.628326416015625,0.17756951
plantview__langdon_4__19-03-24,25,26,8,OK,1.0358103308737756,49.54583929337118,0.7320403942091666,0.7030780911445618,0.007217020214817851,43.597408294677734,0.19360487
plantview__langdon_4__19-03-24,26,27,8,OK,0.9350207211801156,44.79932446793369,0.7281705334849947,0.8071008920669556,0.008766020798176436,47.537315368652344,0.20380363
plantview__langdon_4__19-03-24,27,28,8,OK,0.9217475723027323,45.569642448823984,0.5944430638400701,0.6209942698478699,0.006258725480565683,41.017364501953125,0.18765229
plantview__langdon_4__19-03-24,28,29,8,OK,0.9874449425575196,44.82864314347762,0.6561674344338428,0.6821542382240295,0.013328842458547818,46.67656707763672,0.17057437
plantview__langdon_4__19-03-24,29,30,8,OK,1.185608936983783,58.933242045616296,0.7433891764413743,0.671021044254303,0.0061315829502760055,42.102745056152344,0.16863398
plantview__langdon_4__19-03-24,30,31,8,OK,0.9650416785277903,46.36750226320074,0.7580470849885201,0.7966665029525757,0.010958400712920585,47.119930267333984,0.19873726
plantview__langdon_4__19-03-24,31,32,8,OK,0.9364515684271041,44.95559263986774,0.6114642032614294,0.6391234397888184,0.011381484748954177,42.162208557128906,0.19530234
plantview__langdon_4__19-03-24,32,33,8,OK,1.0345124377011798,46.83361130522097,0.7123843340161,0.6988345384597778,0.01196292792960391,47.0794677734375,0.17863022
plantview__langdon_4__19-03-24,33,34,8,OK,1.0450991627597965,46.43717030430949,0.7386086805762162,0.7001208662986755,0.007296927489011836,44.431671142578125,0.1902104
plantview__langdon_4__19-03-24,34,35,8,OK,0.9959207317557042,47.642578033652455,0.771344256487012,0.7875584363937378,0.009837593044677117,47.789520263671875,0.19374076
plantview__langdon_4__19-03-24,35,36,8,OK,0.992266935466617,44.66995777396332,0.6394030652206287,0.6497223973274231,0.012130167662289104,41.356388092041016,0.1917722
plantview__langdon_4__19-03-24,36,37,8,OK,1.006464895240931,44.79722252400029,0.7214093935063092,0.7279059886932373,0.00967815114791562,47.06363296508789,0.19151732
plantview__langdon_4__19-03-24,37,38,8,OK,1.0447239739203602,42.276258840416695,0.7475400773699449,0.7124925851821899,0.004777325302365444,44.662757873535156,0.19686118
wheat3dgs__plot_461,0,1,8,OK,0.8177967364002223,17.317552082877565,0.2843391015876634,0.3191818296909332,0.019488638668512432,20.302555084228516,0.12784904
wheat3dgs__plot_461,1,2,8,OK,0.8370422388764716,22.382116938222754,0.033009112820287345,0.05296775698661804,0.0063958109932547216,19.69779396057129,0.09402563
wheat3dgs__plot_461,2,3,8,OK,1.0385782993314188,9.193786262824965,0.22637984012653903,0.21939657628536224,0.020502659497975258,5.264795303344727,0.12046555
wheat3dgs__plot_467,0,1,8,OK,0.6817248731750205,24.311399063255745,0.2547696312004431,0.3195244371891022,0.02544058577915177,22.914836883544922,0.13774407
wheat3dgs__plot_467,1,2,8,OK,0.9374655304703046,19.787786245767887,0.03858227453650479,0.0514385923743248,0.009123984659372189,18.91480827331543,0.08857771
wheat3dgs__plot_467,2,3,8,OK,1.0159597465298782,5.620079109592809,0.22898328935785509,0.22401368618011475,0.017942958493223193,7.066290855407715,0.12132341
