sequence,window_i,window_j,window_distance,n_overlap,n_inliers,Q_disp_med_deg,Q_disp_p90_deg,Q_disp_max_deg,weight,edge_status,q00,q01,q02,q10,q11,q12,q20,q21,q22
plantview__langdon_4__05-03-24,0,1,1,8,8,0.6159,2.9559,2.9826,0.412576,OK,0.999558,-0.022612,0.019291,0.029599,0.697976,-0.715509,0.002714,0.715764,0.698337
plantview__langdon_4__05-03-24,1,2,1,8,8,0.0,1.6205,2.2196,0.666667,OK,0.946329,-0.053688,-0.318715,-0.17319,0.748347,-0.640298,0.272886,0.661131,0.698884
plantview__langdon_4__05-03-24,2,3,1,8,8,0.6931,2.9976,3.2122,0.393752,OK,0.999838,0.013902,0.011394,-0.01768,0.646384,0.762808,0.003239,-0.762886,0.646525
plantview__langdon_4__05-03-24,3,4,1,8,5,0.1939,1.2548,1.6165,0.558391,OK,0.999686,0.017984,-0.017436,-0.002084,0.753387,0.657574,0.024962,-0.657331,0.753189
plantview__langdon_4__05-03-24,4,5,1,8,8,0.7712,2.803,3.7108,0.376395,OK,0.999227,-0.022036,0.03255,0.038725,0.693894,-0.719035,-0.006742,0.71974,0.694211
plantview__langdon_4__05-03-24,5,6,1,8,5,0.258,1.3441,1.3617,0.529946,OK,0.950706,-0.056019,-0.304993,-0.163318,0.745631,-0.646036,0.263603,0.664001,0.699726
plantview__langdon_4__05-03-24,6,7,1,8,8,1.5807,3.9577,4.4099,0.258332,OK,0.999885,0.012728,-0.008292,-0.001555,0.628751,0.777605,0.01511,-0.777502,0.628699
plantview__langdon_4__05-03-24,7,8,1,8,8,1.8164,2.0061,2.1882,0.236712,OK,0.996978,0.070219,-0.033218,-0.030057,0.743035,0.668577,0.071628,-0.665558,0.742901
plantview__langdon_4__05-03-24,8,9,1,8,8,8.1647,10.4765,11.2857,0.072743,OK,0.98317,-0.128907,0.129457,0.182674,0.703449,-0.68687,-0.002524,0.698958,0.715158
plantview__langdon_4__05-03-24,9,10,1,8,6,0.3838,2.0342,2.7633,0.481753,OK,0.950852,-0.051615,-0.305314,-0.165784,0.747925,-0.642747,0.261527,0.661774,0.702609
plantview__langdon_4__05-03-24,10,11,1,8,8,1.6203,3.9708,4.5722,0.254427,OK,0.999869,0.012682,-0.010055,-0.000925,0.665037,0.746809,0.016158,-0.746702,0.664962
plantview__langdon_4__05-03-24,11,12,1,8,8,2.1936,2.5522,2.7342,0.208752,OK,0.995246,0.082803,-0.051281,-0.024485,0.722319,0.691127,0.094269,-0.686585,0.720912
plantview__langdon_4__05-03-24,12,13,1,8,8,1.2295,2.7543,2.8408,0.299025,OK,0.999836,-0.008233,0.016144,0.017511,0.668364,-0.743628,-0.004667,0.743789,0.668398
plantview__langdon_4__05-03-24,13,14,1,8,8,0.3163,1.6561,1.7553,0.506463,OK,0.951912,-0.058336,-0.300766,-0.158436,0.746509,-0.646237,0.262223,0.662813,0.701368
plantview__langdon_4__05-03-24,14,15,1,8,8,0.4744,2.3886,3.6111,0.452161,OK,0.99948,0.032242,0.000625,-0.02105,0.637615,0.770067,0.02443,-0.76968,0.637962
plantview__langdon_4__05-03-24,15,16,1,8,8,1.2372,1.9904,1.9988,0.297991,OK,0.998059,0.057393,-0.024155,-0.027814,0.757965,0.651702,0.055712,-0.649766,0.75809
plantview__langdon_4__05-03-24,16,17,1,8,8,0.0,3.0022,3.3927,0.666667,OK,0.999597,-0.02235,0.017505,0.02804,0.680815,-0.731919,0.00444,0.732115,0.681167
plantview__langdon_4__05-03-24,17,18,1,8,8,0.0,0.9201,2.3451,0.666667,OK,0.95583,-0.051126,-0.289439,-0.151858,0.757232,-0.635248,0.25165,0.651142,0.716021
plantview__langdon_4__05-03-24,18,19,1,8,8,1.7526,3.5081,3.546,0.242197,OK,0.999407,0.033344,0.008544,-0.028481,0.661657,0.749266,0.01933,-0.749065,0.662214
plantview__langdon_4__05-03-24,19,20,1,8,7,0.2493,1.3376,1.5205,0.533649,OK,0.999742,0.016563,-0.015537,-0.00257,0.76227,0.647255,0.022564,-0.647048,0.762116
plantview__langdon_4__05-03-24,20,21,1,8,8,1.9984,2.7165,2.9429,0.222344,OK,0.999593,-0.018119,0.022019,0.028423,0.695155,-0.718298,-0.002292,0.718632,0.695387
plantview__langdon_4__05-03-24,21,22,1,8,8,1.4477,2.4998,2.5283,0.272369,OK,0.945146,-0.065788,-0.319954,-0.16179,0.756635,-0.633504,0.283765,0.650519,0.704487
plantview__langdon_4__05-03-24,22,23,1,8,8,2.6817,3.8371,4.5646,0.181074,OK,0.999363,0.031594,0.016569,-0.033131,0.649688,0.759479,0.01323,-0.759544,0.650321
plantview__langdon_4__05-03-24,23,24,1,8,8,0.2254,0.9177,1.0417,0.544018,OK,0.999933,0.007643,-0.008694,-0.000171,0.760742,0.649055,0.011575,-0.64901,0.760692
plantview__langdon_4__05-03-24,24,25,1,8,8,2.6683,3.4834,3.6472,0.181736,OK,0.999197,-0.021523,0.03379,0.039544,0.665063,-0.745739,-0.006422,0.746477,0.66538
plantview__langdon_4__05-03-24,25,26,1,8,8,0.5483,1.6231,1.862,0.43058,OK,0.952459,-0.064362,-0.29779,-0.149315,0.753385,-0.640403,0.265568,0.654422,0.707959
plantview__langdon_4__05-03-24,26,27,1,8,8,1.7345,4.0893,4.5344,0.243796,OK,0.999167,0.040535,0.00473,-0.029408,0.634792,0.772123,0.028296,-0.771619,0.635455
plantview__langdon_4__05-03-24,27,28,1,8,8,0.0,1.7073,2.1464,0.666667,OK,0.999979,0.002064,-0.006101,0.002482,0.750522,0.660841,0.005943,-0.660842,0.750501
plantview__langdon_4__05-03-24,28,29,1,8,5,0.0,3.5001,4.5395,0.666667,OK,0.999567,-0.017611,0.023558,0.029345,0.65138,-0.758184,-0.001993,0.758547,0.651615
plantview__langdon_4__05-03-24,29,30,1,8,7,0.3072,1.5358,1.7703,0.510002,OK,0.955369,-0.051119,-0.29096,-0.153194,0.756408,-0.635907,0.252591,0.652099,0.714818
plantview__langdon_4__05-03-24,30,31,1,8,8,1.7497,4.5973,4.9472,0.242447,OK,0.99974,0.022412,0.00408,-0.017678,0.650314,0.75946,0.014368,-0.759335,0.650541
plantview__langdon_4__05-03-24,31,32,1,8,8,0.5126,1.336,1.3847,0.440731,OK,0.999974,0.005978,-0.00403,-0.001742,0.742761,0.669554,0.006996,-0.66953,0.742752
plantview__langdon_4__05-03-24,32,33,1,8,6,0.615,4.6161,5.1759,0.41279,OK,0.999716,-0.01671,0.016989,0.02379,0.658823,-0.751922,0.001372,0.752113,0.659033
plantview__langdon_4__05-03-24,33,34,1,8,7,0.3511,1.4556,2.2537,0.493411,OK,0.954846,-0.05424,-0.29211,-0.159377,0.736245,-0.65768,0.250737,0.674538,0.694355
plantview__langdon_4__05-03-24,34,35,1,8,8,0.0,3.1183,3.8954,0.666667,OK,0.999786,0.020307,0.004015,-0.016033,0.636998,0.770699,0.013093,-0.770598,0.637187
plantview__langdon_4__05-03-24,35,36,1,8,8,0.0,1.5903,2.0167,0.666667,OK,0.999947,0.008819,-0.00539,-0.002937,0.742462,0.669882,0.00991,-0.66983,0.742448
plantview__langdon_4__05-03-24,36,37,1,8,8,2.0026,3.1096,3.4414,0.222027,OK,0.999855,-0.012719,0.011291,0.016928,0.679868,-0.733139,0.001648,0.733224,0.679985
plantview__langdon_4__05-03-24,37,38,1,8,8,0.3858,1.5915,1.8695,0.481055,OK,0.955373,-0.049871,-0.291161,-0.160763,0.739124,-0.654103,0.247825,0.671721,0.698122
plantview__langdon_4__12-03-24,0,1,1,8,8,0.9551,4.3017,4.3478,0.340993,OK,0.999878,-0.013395,0.008006,0.015056,0.693121,-0.720664,0.004104,0.720696,0.693239
plantview__langdon_4__12-03-24,1,2,1,8,8,0.0,1.9536,2.0697,0.666667,OK,0.956373,-0.040342,-0.289351,-0.157354,0.763356,-0.62652,0.246153,0.644717,0.723705
plantview__langdon_4__12-03-24,2,3,1,8,8,0.0,1.871,2.0827,0.666667,OK,0.999956,0.007243,0.005935,-0.009216,0.649056,0.760685,0.001657,-0.760706,0.649095
plantview__langdon_4__12-03-24,3,4,1,8,8,0.4575,1.4108,1.5862,0.457401,OK,0.999844,0.017456,-0.002577,-0.011822,0.771105,0.636599,0.0131,-0.636469,0.771191
plantview__langdon_4__12-03-24,4,5,1,8,7,0.5848,2.5114,2.9734,0.420651,OK,0.999624,-0.018837,0.019949,0.027435,0.694594,-0.718879,-0.000315,0.719156,0.694849
plantview__langdon_4__12-03-24,5,6,1,8,6,0.1197,1.3045,1.4599,0.595396,OK,0.955855,-0.051342,-0.289317,-0.149103,0.763687,-0.628132,0.253197,0.643542,0.722319
plantview__langdon_4__12-03-24,6,7,1,8,8,1.4091,4.4692,4.6082,0.276731,OK,0.999852,0.017,0.002664,-0.013271,0.663264,0.748268,0.010954,-0.748193,0.663391
plantview__langdon_4__12-03-24,7,8,1,8,8,0.0,0.7088,0.9713,0.666667,OK,0.999884,0.014444,-0.004835,-0.007898,0.763072,0.646265,0.013024,-0.646152,0.763098
plantview__langdon_4__12-03-24,8,9,1,8,8,2.1788,3.4417,3.4864,0.209724,OK,0.999759,-0.014219,0.016702,0.021914,0.681172,-0.731796,-0.000972,0.731985,0.68132
plantview__langdon_4__12-03-24,9,10,1,8,8,0.8706,1.7438,1.7654,0.356385,OK,0.96311,-0.040759,-0.266003,-0.141577,0.763868,-0.629652,0.228855,0.644084,0.729919
plantview__langdon_4__12-03-24,10,11,1,8,8,1.09,4.281,4.4163,0.318973,OK,0.999915,0.013018,0.000732,-0.009282,0.671215,0.741205,0.009157,-0.741148,0.671279
plantview__langdon_4__12-03-24,11,12,1,8,5,0.106,1.0148,1.1165,0.602757,OK,0.999903,0.013897,0.001096,-0.011178,0.752265,0.658766,0.008331,-0.658714,0.752347
plantview__langdon_4__12-03-24,12,13,1,8,8,0.0,3.4428,4.4268,0.666667,OK,0.999564,-0.018609,0.02292,0.029422,0.692151,-0.721153,-0.002444,0.721513,0.692397
plantview__langdon_4__12-03-24,13,14,1,8,8,0.0,1.5841,1.9853,0.666667,OK,0.9583,-0.043487,-0.282437,-0.150094,0.76445,-0.626967,0.243174,0.643214,0.726045
plantview__langdon_4__12-03-24,14,15,1,8,8,1.4949,3.5275,4.4248,0.267216,OK,0.999923,0.009429,0.00801,-0.012235,0.657526,0.753332,0.001836,-0.753373,0.657591
plantview__langdon_4__12-03-24,15,16,1,8,8,0.3664,0.6144,0.8228,0.487917,OK,0.999871,0.015901,0.00241,-0.01367,0.761352,0.648194,0.008472,-0.648143,0.761471
plantview__langdon_4__12-03-24,16,17,1,8,6,0.1816,3.0054,3.0243,0.5642,OK,0.999814,-0.013116,0.014163,0.019304,0.680144,-0.732824,-2.1e-05,0.732961,0.680271
plantview__langdon_4__12-03-24,17,18,1,8,8,0.0,1.4654,1.6925,0.666667,OK,0.956271,-0.042485,-0.289381,-0.156972,0.760284,-0.630339,0.246791,0.6482,0.720369
plantview__langdon_4__12-03-24,18,19,1,8,8,2.1638,3.2762,4.4257,0.210719,OK,0.999983,4.3e-05,0.005869,-0.004456,0.656459,0.754349,-0.00382,-0.754362,0.656448
plantview__langdon_4__12-03-24,19,20,1,8,8,0.0,1.1478,1.4396,0.666667,OK,0.999865,0.016446,-0.000356,-0.012318,0.762878,0.646425,0.010903,-0.646333,0.762978
plantview__langdon_4__12-03-24,20,21,1,8,8,0.3876,3.6822,3.8909,0.480441,OK,0.999568,-0.020861,0.020687,0.029376,0.699253,-0.71427,0.000435,0.714569,0.699564
plantview__langdon_4__12-03-24,21,22,1,8,8,0.0,0.5673,0.8125,0.666667,OK,0.964831,-0.027773,-0.2614,-0.147288,0.766535,-0.625085,0.217732,0.641602,0.735486
plantview__langdon_4__12-03-24,22,23,1,8,8,1.4363,3.9737,4.3426,0.273643,OK,0.999986,0.002896,-0.004438,0.001244,0.685755,0.727831,0.005151,-0.727826,0.685742
plantview__langdon_4__12-03-24,23,24,1,8,8,0.786,1.4874,1.7824,0.373271,OK,0.999912,0.011182,-0.007128,-0.003717,0.752328,0.658778,0.012729,-0.658694,0.752303
plantview__langdon_4__12-03-24,24,25,1,8,8,0.8594,3.8436,5.0629,0.358531,OK,0.999629,-0.016872,0.021389,0.027054,0.707126,-0.70657,-0.003203,0.706886,0.70732
plantview__langdon_4__12-03-24,25,26,1,8,8,0.0,0.6882,0.6973,0.666667,OK,0.951781,-0.057829,-0.301279,-0.153378,0.760819,-0.630578,0.265685,0.646382,0.715263
plantview__langdon_4__12-03-24,26,27,1,8,8,1.518,3.4258,4.3196,0.264757,OK,0.999952,0.00968,-0.001156,-0.005626,0.669766,0.742551,0.007962,-0.742509,0.669789
plantview__langdon_4__12-03-24,27,28,1,8,8,1.2221,1.6324,1.7165,0.300017,OK,0.999354,0.032362,-0.015628,-0.013987,0.750821,0.660357,0.033104,-0.659712,0.750789
plantview__langdon_4__12-03-24,28,29,1,8,8,1.8007,2.7308,2.733,0.238038,OK,0.999518,-0.016675,0.026191,0.030531,0.68133,-0.731339,-0.00565,0.731786,0.681511
plantview__langdon_4__12-03-24,29,30,1,8,8,0.0,1.1772,1.8272,0.666667,OK,0.951267,-0.052127,-0.30393,-0.160193,0.758646,-0.631502,0.263493,0.649415,0.713325
plantview__langdon_4__12-03-24,30,31,1,8,8,1.8431,3.1983,3.634,0.234488,OK,0.999971,0.00703,0.002936,-0.006863,0.663886,0.747802,0.003308,-0.747801,0.663915
plantview__langdon_4__12-03-24,31,32,1,8,8,0.7652,1.4432,1.8757,0.377673,OK,0.999586,0.024291,-0.01544,-0.008026,0.750399,0.660936,0.027641,-0.660538,0.750283
plantview__langdon_4__12-03-24,32,33,1,8,5,0.4317,3.9991,4.16,0.465651,OK,0.999721,-0.018351,0.014904,0.023522,0.70886,-0.704957,0.002372,0.70511,0.709094
plantview__langdon_4__12-03-24,33,34,1,8,8,0.0753,0.9935,1.5863,0.620002,OK,0.955584,-0.044746,-0.291303,-0.154784,0.764924,-0.625246,0.250802,0.642564,0.724023
plantview__langdon_4__12-03-24,34,35,1,8,6,0.5071,3.2533,3.2679,0.442347,OK,0.999879,0.015515,-0.000562,-0.009878,0.663662,0.747968,0.011977,-0.747872,0.663735
plantview__langdon_4__12-03-24,35,36,1,8,8,0.9785,1.787,2.3359,0.336952,OK,0.999292,0.032495,-0.018939,-0.012737,0.766148,0.642538,0.035389,-0.641842,0.76602
plantview__langdon_4__12-03-24,36,37,1,8,8,0.0,3.3485,3.4088,0.666667,OK,0.999916,-0.00969,0.008568,0.012901,0.699133,-0.714875,0.000937,0.714925,0.6992
plantview__langdon_4__12-03-24,37,38,1,8,8,0.0,0.0,0.0,0.666667,OK,0.95895,-0.040242,-0.280705,-0.150185,0.767584,-0.623105,0.24054,0.639684,0.730031
plantview__langdon_4__15-04-24,0,1,1,8,8,0.8945,3.1413,3.2193,0.351898,OK,0.999749,-0.01039,0.019831,0.022173,0.582015,-0.812875,-0.003096,0.813111,0.5821
plantview__langdon_4__15-04-24,1,2,1,8,8,1.6314,2.2278,2.296,0.253351,OK,0.973943,0.006359,-0.226704,-0.096277,0.916657,-0.387905,0.205343,0.399624,0.893384
plantview__langdon_4__15-04-24,2,3,1,8,5,0.2328,3.8309,4.9488,0.540767,OK,0.999895,0.014149,0.003164,-0.011456,0.637301,0.77053,0.008886,-0.770485,0.637396
plantview__langdon_4__15-04-24,3,4,1,8,8,1.1301,1.332,1.4684,0.312975,OK,0.999834,0.008496,-0.016118,-0.003032,0.949873,0.312623,0.017966,-0.312522,0.949741
plantview__langdon_4__15-04-24,4,5,1,8,8,1.1146,2.9364,3.0695,0.315264,OK,0.999887,-0.006167,0.013673,0.014317,0.664253,-0.747371,-0.004474,0.747483,0.664266
plantview__langdon_4__15-04-24,5,6,1,8,8,0.4294,1.8127,2.0194,0.466388,OK,0.951495,0.014306,-0.30733,-0.101149,0.957936,-0.268567,0.29056,0.286626,0.912918
plantview__langdon_4__15-04-24,6,7,1,8,8,0.0,3.0106,3.5356,0.666667,OK,0.999866,0.011045,0.012117,-0.016395,0.665702,0.746038,0.000174,-0.746136,0.665793
plantview__langdon_4__15-04-24,7,8,1,8,8,1.2371,2.2887,2.7438,0.298006,OK,0.998506,0.044038,-0.032363,-0.032212,0.952621,0.30245,0.044149,-0.300956,0.952616
plantview__langdon_4__15-04-24,8,9,1,8,8,1.3984,3.2639,3.7727,0.277959,OK,0.999901,-0.008228,0.011391,0.013959,0.674274,-0.738349,-0.001606,0.738435,0.674323
plantview__langdon_4__15-04-24,9,10,1,8,8,0.4851,1.5549,1.917,0.448898,OK,0.953344,0.016315,-0.301444,-0.104781,0.954345,-0.279726,0.283118,0.298261,0.911529
plantview__langdon_4__15-04-24,10,11,1,8,8,1.1751,3.2091,3.5583,0.306494,OK,0.999963,0.00742,0.004258,-0.008023,0.640693,0.767755,0.002968,-0.767761,0.640729
plantview__langdon_4__15-04-24,11,12,1,8,8,0.4734,1.0898,1.1888,0.452469,OK,0.999751,0.004023,-0.021969,0.002487,0.957476,0.288502,0.022196,-0.288484,0.957227
plantview__langdon_4__15-04-24,12,13,1,8,8,2.636,3.519,4.2125,0.183349,OK,0.999963,-0.006779,0.005365,0.008565,0.692461,-0.721405,0.001175,0.721424,0.692493
plantview__langdon_4__15-04-24,13,14,1,8,8,0.7795,1.372,1.5279,0.374643,OK,0.973702,0.012463,-0.227485,-0.078738,0.955383,-0.284683,0.213787,0.295108,0.931239
plantview__langdon_4__15-04-24,14,15,1,8,8,1.7552,3.8723,4.6737,0.241969,OK,0.999861,0.012222,0.011353,-0.016601,0.66214,0.749196,0.001639,-0.74928,0.662251
plantview__langdon_4__15-04-24,15,16,1,8,8,0.3247,0.8757,0.9453,0.50324,OK,0.999702,0.004466,-0.024005,0.002638,0.957622,0.288016,0.024273,-0.287993,0.957325
plantview__langdon_4__15-04-24,16,17,1,8,8,3.3793,4.5593,4.8965,0.152232,OK,0.999674,-0.015067,0.020619,0.025398,0.670832,-0.741175,-0.002664,0.741457,0.670996
plantview__langdon_4__15-04-24,17,18,1,8,8,1.5082,2.1135,2.2693,0.265799,OK,0.961822,0.015485,-0.273237,-0.094942,0.955275,-0.280065,0.25668,0.295314,0.920275
plantview__langdon_4__15-04-24,18,19,1,8,8,2.953,3.9616,4.0643,0.16865,OK,0.999957,0.009258,-0.00045,-0.005896,0.672719,0.739874,0.007152,-0.73984,0.672745
plantview__langdon_4__15-04-24,19,20,1,8,8,0.5457,1.0746,1.3372,0.431294,OK,0.999997,-0.000756,-0.002187,0.001363,0.95628,0.292449,0.00187,-0.292451,0.956279
plantview__langdon_4__15-04-24,20,21,1,8,8,2.2399,3.6636,3.9995,0.20577,OK,0.999969,-0.004431,0.006446,0.007756,0.668833,-0.743372,-0.001017,0.743399,0.668847
plantview__langdon_4__15-04-24,21,22,1,8,8,0.6781,1.3514,1.4083,0.397282,OK,0.95885,0.009232,-0.283764,-0.090704,0.957053,-0.275358,0.269035,0.289765,0.918508
plantview__langdon_4__15-04-24,22,23,1,8,8,1.0226,3.8257,4.4997,0.329616,OK,0.999645,0.022511,0.014283,-0.025594,0.660335,0.750535,0.007464,-0.750634,0.660676
plantview__langdon_4__15-04-24,23,24,1,8,7,1.0778,1.5369,2.1274,0.320856,OK,0.999979,0.005192,-0.004001,-0.003776,0.955236,0.295819,0.005357,-0.295798,0.955236
plantview__langdon_4__15-04-24,24,25,1,8,8,2.4688,3.3552,3.5538,0.192192,OK,0.999338,-0.015069,0.033117,0.034698,0.668578,-0.742832,-0.010947,0.743489,0.668659
plantview__langdon_4__15-04-24,25,26,1,8,8,1.2052,1.6799,1.6914,0.302321,OK,0.963628,0.015262,-0.26681,-0.096155,0.951306,-0.292866,0.249349,0.307869,0.918173
plantview__langdon_4__15-04-24,26,27,1,8,8,1.4173,3.2829,3.3946,0.275787,OK,0.9998,0.018175,0.008323,-0.018229,0.6581,0.75271,0.008203,-0.752711,0.6583
plantview__langdon_4__15-04-24,27,28,1,8,8,0.8184,1.5253,1.5662,0.366625,OK,0.999996,-0.000637,-0.002625,0.001384,0.955337,0.295517,0.00232,-0.295519,0.955334
plantview__langdon_4__15-04-24,28,29,1,8,6,0.5077,3.3134,3.4818,0.442162,OK,0.999405,-0.015682,0.030729,0.03325,0.675384,-0.736716,-0.009201,0.737299,0.675503
plantview__langdon_4__15-04-24,29,30,1,8,8,0.9247,1.6952,1.8752,0.346377,OK,0.966822,0.011561,-0.255191,-0.088031,0.952864,-0.290347,0.239805,0.303178,0.922267
plantview__langdon_4__15-04-24,30,31,1,8,8,1.7381,2.4869,3.6214,0.243481,OK,0.999918,0.012246,0.003612,-0.010806,0.661001,0.750307,0.0068,-0.750285,0.66108
plantview__langdon_4__15-04-24,31,32,1,8,8,0.7686,1.2475,1.2514,0.376953,OK,0.999981,0.003596,0.00501,-0.004947,0.952812,0.303522,-0.003682,-0.303541,0.952811
plantview__langdon_4__15-04-24,32,33,1,8,5,0.0,3.068,3.0978,0.666667,OK,0.99981,-0.014565,0.012991,0.019335,0.648634,-0.760855,0.002656,0.760961,0.648792
plantview__langdon_4__15-04-24,33,34,1,8,8,0.4704,1.5299,1.5383,0.453387,OK,0.94478,0.026381,-0.326642,-0.117164,0.958064,-0.261506,0.306046,0.285336,0.908251
plantview__langdon_4__15-04-24,34,35,1,8,5,0.3754,3.258,3.9545,0.484712,OK,0.999762,0.021138,0.005451,-0.018065,0.660942,0.75022,0.012256,-0.750139,0.661166
plantview__langdon_4__15-04-24,35,36,1,8,8,0.9984,1.6638,2.2272,0.333605,OK,0.99998,0.005779,0.002616,-0.006306,0.950599,0.310358,-0.000693,-0.310369,0.950616
plantview__langdon_4__15-04-24,36,37,1,8,8,1.0112,2.9038,3.2347,0.331471,OK,0.99982,-0.013838,0.012947,0.018825,0.647084,-0.762186,0.002169,0.762293,0.647228
plantview__langdon_4__15-04-24,37,38,1,8,8,2.117,2.4035,2.6606,0.213884,OK,0.953178,0.020249,-0.301733,-0.11005,0.95257,-0.283725,0.281676,0.303646,0.910196
plantview__langdon_4__19-03-24,0,1,1,8,8,1.8325,3.4975,3.9536,0.235361,OK,0.999815,-0.014649,0.01243,0.019048,0.67138,-0.740868,0.002508,0.740968,0.671535
plantview__langdon_4__19-03-24,1,2,1,8,8,0.0,1.2178,1.3017,0.666667,OK,0.954037,-0.053741,-0.294832,-0.156179,0.750485,-0.642168,0.255778,0.658699,0.707597
plantview__langdon_4__19-03-24,2,3,1,8,8,1.4121,4.0048,5.5662,0.276389,OK,0.999984,0.00427,-0.003807,2.1e-05,0.662706,0.74888,0.00572,-0.748867,0.662695
plantview__langdon_4__19-03-24,3,4,1,8,8,0.0,0.4485,0.6864,0.666667,OK,0.99996,0.008919,0.001198,-0.007236,0.717681,0.696335,0.00535,-0.696315,0.717716
plantview__langdon_4__19-03-24,4,5,1,8,8,0.8095,2.9675,3.6228,0.368424,OK,0.999533,-0.024812,0.017839,0.029929,0.676976,-0.735396,0.00617,0.735587,0.677402
plantview__langdon_4__19-03-24,5,6,1,8,8,0.0,1.0897,1.1983,0.666667,OK,0.952403,-0.05634,-0.299591,-0.155959,0.754367,-0.637658,0.261928,0.654031,0.709674
plantview__langdon_4__19-03-24,6,7,1,8,8,1.5556,4.0283,4.7598,0.260868,OK,0.999984,0.005534,-0.000951,-0.002977,0.666202,0.745765,0.004761,-0.745751,0.666208
plantview__langdon_4__19-03-24,7,8,1,8,8,0.8322,2.0371,2.8597,0.36386,OK,0.999656,0.023297,-0.012047,-0.008129,0.711925,0.702209,0.024936,-0.701869,0.711869
plantview__langdon_4__19-03-24,8,9,1,8,8,1.5797,2.6921,2.8767,0.258431,OK,0.999768,-0.014683,0.015755,0.021536,0.676793,-0.735859,0.000142,0.736027,0.676952
plantview__langdon_4__19-03-24,9,10,1,8,7,0.264,1.2343,2.0309,0.527424,OK,0.95183,-0.053451,-0.301933,-0.161363,0.749993,-0.641461,0.260734,0.659282,0.705241
plantview__langdon_4__19-03-24,10,11,1,8,8,2.6264,3.326,3.7271,0.183838,OK,0.999932,0.008905,0.007592,-0.011619,0.678377,0.734622,0.001392,-0.73466,0.678434
plantview__langdon_4__19-03-24,11,12,1,8,8,1.4158,2.0108,2.0392,0.275957,OK,0.999139,0.029603,-0.029079,-0.001701,0.7294,0.684085,0.041461,-0.683446,0.728822
plantview__langdon_4__19-03-24,12,13,1,8,8,1.4047,3.4079,3.7242,0.277237,OK,0.999638,-0.020613,0.017306,0.026728,0.684755,-0.728283,0.003161,0.728482,0.685058
plantview__langdon_4__19-03-24,13,14,1,8,8,1.5372,1.992,2.0838,0.262755,OK,0.947311,-0.062755,-0.314109,-0.160425,0.755818,-0.634825,0.277248,0.651767,0.705927
plantview__langdon_4__19-03-24,14,15,1,8,8,1.6592,3.1053,3.4687,0.250703,OK,0.999921,0.012566,9.8e-05,-0.00856,0.675373,0.737427,0.0092,-0.737369,0.675427
plantview__langdon_4__19-03-24,15,16,1,8,8,1.3572,1.8927,1.9315,0.282827,OK,0.999635,0.021761,-0.01599,-0.005077,0.733009,0.6802,0.026523,-0.67987,0.732853
plantview__langdon_4__19-03-24,16,17,1,8,8,0.8608,2.6268,3.9493,0.358262,OK,0.999655,-0.018985,0.018143,0.026202,0.674818,-0.737519,0.001758,0.73774,0.675083
plantview__langdon_4__19-03-24,17,18,1,8,8,1.2725,1.7457,1.7988,0.293364,OK,0.945487,-0.054465,-0.321074,-0.167927,0.763194,-0.623968,0.279026,0.64387,0.712443
plantview__langdon_4__19-03-24,18,19,1,8,8,2.0761,3.828,4.9375,0.216727,OK,0.999977,0.006791,-0.000343,-0.004315,0.672644,0.739954,0.005256,-0.739935,0.672658
plantview__langdon_4__19-03-24,19,20,1,8,8,0.5339,1.3715,1.4782,0.434635,OK,0.999833,0.017815,-0.004177,-0.010328,0.737871,0.674863,0.015105,-0.674706,0.737932
plantview__langdon_4__19-03-24,20,21,1,8,8,0.0,2.636,3.1206,0.666667,OK,0.999584,-0.021185,0.01956,0.028698,0.665173,-0.746138,0.002796,0.746389,0.665504
plantview__langdon_4__19-03-24,21,22,1,8,8,0.0,1.8099,1.8291,0.666667,OK,0.941576,-0.065126,-0.330443,-0.16742,0.760818,-0.626998,0.292241,0.645689,0.705465
plantview__langdon_4__19-03-24,22,23,1,8,8,2.2888,3.6354,3.8496,0.202709,OK,0.999946,0.009301,0.004587,-0.009625,0.667741,0.744331,0.00386,-0.744335,0.667795
plantview__langdon_4__19-03-24,23,24,1,8,8,0.0,1.2702,1.8521,0.666667,OK,0.999845,0.01602,0.007255,-0.016765,0.743625,0.668386,0.005313,-0.668404,0.743779
plantview__langdon_4__19-03-24,24,25,1,8,8,0.5979,3.5603,3.7,0.417217,OK,0.999615,-0.022688,0.015954,0.02718,0.68665,-0.72648,0.005528,0.726634,0.687002
plantview__langdon_4__19-03-24,25,26,1,8,8,0.0,0.9881,1.7834,0.666667,OK,0.953791,-0.044887,-0.2971,-0.157096,0.768373,-0.620422,0.256132,0.638426,0.725816
plantview__langdon_4__19-03-24,26,27,1,8,8,2.3183,3.4382,4.3467,0.200905,OK,0.99997,0.003325,0.006975,-0.007389,0.675571,0.737258,-0.002261,-0.737287,0.675576
plantview__langdon_4__19-03-24,27,28,1,8,8,0.5693,1.404,1.8875,0.42481,OK,0.999861,0.014153,0.008783,-0.016443,0.754473,0.656125,0.002659,-0.656178,0.754601
plantview__langdon_4__19-03-24,28,29,1,8,8,1.9923,3.7265,4.1477,0.222791,OK,0.999786,-0.019594,-0.006634,0.008621,0.686171,-0.727389,0.018804,0.727176,0.686193
plantview__langdon_4__19-03-24,29,30,1,8,8,1.3564,2.0944,2.7429,0.282923,OK,0.96686,-0.027497,-0.253821,-0.140357,0.773216,-0.618415,0.213263,0.633546,0.743733
plantview__langdon_4__19-03-24,30,31,1,8,8,1.3184,3.0651,3.1056,0.287556,OK,0.999942,0.010107,0.003772,-0.009641,0.680341,0.732832,0.00484,-0.732826,0.680399
plantview__langdon_4__19-03-24,31,32,1,8,8,0.4205,1.6658,2.214,0.469312,OK,0.999904,0.013201,0.004192,-0.012599,0.741205,0.67116,0.005753,-0.671149,0.7413
plantview__langdon_4__19-03-24,32,33,1,8,5,0.5683,3.2455,3.386,0.425087,OK,0.999528,-0.021523,0.021936,0.030719,0.679658,-0.732885,0.000865,0.733213,0.679998
plantview__langdon_4__19-03-24,33,34,1,8,8,0.0,1.2414,1.2529,0.666667,OK,0.947552,-0.049806,-0.315696,-0.167294,0.764353,-0.622718,0.272318,0.642872,0.715932
plantview__langdon_4__19-03-24,34,35,1,8,8,0.0,2.5722,3.0443,0.666667,OK,0.999957,0.006391,0.006732,-0.00928,0.671731,0.740737,0.000212,-0.740768,0.671761
plantview__langdon_4__19-03-24,35,36,1,8,8,0.4818,1.2909,1.4815,0.449895,OK,0.999837,0.016045,0.008273,-0.017511,0.750647,0.660472,0.004387,-0.660509,0.750805
plantview__langdon_4__19-03-24,36,37,1,8,5,0.0,1.4776,2.0537,0.666667,OK,0.999715,-0.015659,0.01804,0.023873,0.681823,-0.731128,-0.000852,0.73135,0.682002
plantview__langdon_4__19-03-24,37,38,1,8,8,0.0,1.6208,1.6849,0.666667,OK,0.949304,-0.053968,-0.309692,-0.162032,0.760204,-0.629155,0.269383,0.647439,0.71292
wheat3dgs__plot_461,0,1,1,8,8,0.6367,1.4906,2.5294,0.407312,OK,0.999282,0.009502,-0.03668,0.00374,0.938587,0.345022,0.037705,-0.344912,0.937877
wheat3dgs__plot_461,1,2,1,8,8,0.8688,1.401,1.7598,0.35673,OK,0.999383,-0.019831,0.028974,0.028395,0.941866,-0.334788,-0.02065,0.335404,0.941848
wheat3dgs__plot_461,2,3,1,8,8,0.951,1.595,2.014,0.341699,OK,0.999997,-0.002122,0.000719,0.002178,0.995853,-0.09095,-0.000523,0.090952,0.995855
wheat3dgs__plot_467,0,1,1,8,8,1.8006,3.2237,3.4504,0.238042,OK,0.998873,0.028726,-0.037777,-0.011896,0.922142,0.386669,0.045943,-0.385784,0.921444
wheat3dgs__plot_467,1,2,1,8,8,0.9232,1.1335,1.2914,0.34664,OK,0.999677,-0.017955,0.017965,0.022796,0.946174,-0.322854,-0.011201,0.32316,0.946278
wheat3dgs__plot_467,2,3,1,8,8,0.9425,1.3551,1.6336,0.343207,OK,0.999947,-0.009565,0.003779,0.009954,0.992478,-0.122016,-0.002583,0.122047,0.992521
mustc__plot198__230613__ugv__pos00,0,1,1,8,8,2.8501,5.3057,6.6429,0.173155,OK,0.534646,-0.766857,-0.355082,0.604598,0.053532,0.79473,-0.590436,-0.639581,0.492261
