sequence_id,stride,start,n_views,median_gap_deg,mean_gap_deg,p90_gap_deg,total_coverage_deg,trajectory_arc_length,rot_median,rot_p90,rot_mean,center_median_norm,center_p90_norm,trajectory_cosine,neighbor_rpe_rot,neighbor_rpe_trans,pose_gate,frame_indices
plantview__langdon_4__12-03-24,1,0,16,6.835638024977779,7.77016502075824,11.606229200170247,179.41967828667975,42.12795882416158,2.894968510152734,4.856116047428631,2.794601804936886,0.04802808825046612,0.07518880090523197,0.9938678069540519,1.6157226022340854,0.10263855163125944,PASS,"0,1,2,3,4,5,6,7,8,9,10,11,12,13,14,15"
plantview__langdon_4__12-03-24,1,60,16,6.835638024977779,7.77016502075824,11.606229200170247,179.41967828667975,42.12795882416158,5.187636256832174,13.570257906708903,7.1626097576767975,0.08572504313245738,0.17475708202972368,0.8524933342702832,2.087385727233489,0.2237144686424913,PASS,"60,61,62,63,64,65,66,67,68,69,70,71,72,73,74,75"
plantview__langdon_4__12-03-24,1,121,16,6.835638024977779,7.77016502075824,11.606229200170247,179.41967828667975,42.12795882416158,8.191030406847926,10.197493005750278,8.690743096950913,0.26021054725657233,0.4880455503980715,0.890611923029414,2.2806513883616173,0.32520416133392976,PASS,"121,122,123,124,125,126,127,128,129,130,131,132,133,134,135,136"
plantview__langdon_4__12-03-24,1,182,16,6.835638024977779,7.77016502075824,11.606229200170247,179.41967828667975,42.12795882416158,6.9764613081607205,11.14533654680803,8.329551496190641,0.1527013171863047,0.29689840026308023,0.9703166741316473,1.4596164315975055,0.19925510663939933,PASS,"182,183,184,185,186,187,188,189,190,191,192,193,194,195,196,197"
plantview__langdon_4__12-03-24,1,243,16,6.835638024977779,7.77016502075824,11.606229200170247,179.41967828667975,42.12795882416158,3.720671801576316,14.89870448877603,5.5201566835197085,0.03505044599084359,0.09033314875396015,0.9559842166751025,2.0090527194033956,0.1947572545395558,PASS,"243,244,245,246,247,248,249,250,251,252,253,254,255,256,257,258"
plantview__langdon_4__12-03-24,2,0,16,6.835638024977779,7.77016502075824,11.606229200170247,179.41967828667975,42.12795882416158,7.632551659190959,9.326141136380507,7.672665819535451,0.15699257442612813,0.22631818484041058,0.9872697766520898,3.225556851766976,0.14444979514899134,PASS,"0,2,4,6,8,10,12,14,16,18,20,22,24,26,28,30"
plantview__langdon_4__12-03-24,2,57,16,6.835638024977779,7.77016502075824,11.606229200170247,179.41967828667975,42.12795882416158,6.407889932207503,10.195211282556482,6.209495803042945,0.08104686993502094,0.15182251534235972,0.9868114607666031,2.9545904565327996,0.15655959492911897,PASS,"57,59,61,63,65,67,69,71,73,75,77,79,81,83,85,87"
plantview__langdon_4__12-03-24,2,115,16,6.835638024977779,7.77016502075824,11.606229200170247,179.41967828667975,42.12795882416158,3.948825048467766,7.233204342942257,4.279299823000553,0.06499982323084488,0.10903493791864743,0.9797986624786461,2.8600845305409464,0.16544669364343143,PASS,"115,117,119,121,123,125,127,129,131,133,135,137,139,141,143,145"
plantview__langdon_4__12-03-24,2,173,16,6.835638024977779,7.77016502075824,11.606229200170247,179.41967828667975,42.12795882416158,5.053089103591445,10.665112777924287,5.893294704058074,0.08773933385718995,0.12556004333250576,0.9913812865942094,3.8456196092710297,0.13114336080577854,PASS,"173,175,177,179,181,183,185,187,189,191,193,195,197,199,201,203"
plantview__langdon_4__12-03-24,2,231,16,6.835638024977779,7.77016502075824,11.606229200170247,179.41967828667975,42.12795882416158,4.599379597955883,11.647940685450232,5.772135821278784,0.05767386151802563,0.15517852880434846,0.9874826926476372,2.2864893373516044,0.15751333274042006,PASS,"231,233,235,237,239,241,243,245,247,249,251,253,255,257,259,261"
plantview__langdon_4__12-03-24,4,0,16,6.835638024977779,7.77016502075824,11.606229200170247,179.41967828667975,42.12795882416158,9.559856923453308,18.5666847010554,10.895579819731822,0.1724815978707409,0.4192316524577313,0.9755355369351921,4.046467748075554,0.16362626159880395,PASS,"0,4,8,12,16,20,24,28,32,36,40,44,48,52,56,60"
plantview__langdon_4__12-03-24,4,51,16,6.835638024977779,7.77016502075824,11.606229200170247,179.41967828667975,42.12795882416158,2.7241816309440194,6.403555090632292,3.4334381819113435,0.06619876765109031,0.10303347301811036,0.9951674063740216,3.7100321293859007,0.12056851750015651,PASS,"51,55,59,63,67,71,75,79,83,87,91,95,99,103,107,111"
plantview__langdon_4__12-03-24,4,103,16,6.835638024977779,7.77016502075824,11.606229200170247,179.41967828667975,42.12795882416158,4.41278814812142,10.343381185459496,5.277854453361622,0.08323633037808423,0.1500168297786826,0.9870015232185613,3.446465328229527,0.12159255856545073,PASS,"103,107,111,115,119,123,127,131,135,139,143,147,151,155,159,163"
plantview__langdon_4__12-03-24,4,155,16,6.835638024977779,7.77016502075824,11.606229200170247,179.41967828667975,42.12795882416158,15.549697322478114,31.631924637303378,16.627766812740653,0.2852317147017024,0.598585309210269,0.958544098767008,7.138267751045363,0.19866211601734593,FAIL,"155,159,163,167,171,175,179,183,187,191,195,199,203,207,211,215"
plantview__langdon_4__12-03-24,4,207,16,6.835638024977779,7.77016502075824,11.606229200170247,179.41967828667975,42.12795882416158,2.801883102891574,8.395162576910135,3.614928982854599,0.053141104719331506,0.07331613687563511,0.9981744327339112,5.142106380532477,0.11340591933385115,PASS,"207,211,215,219,223,227,231,235,239,243,247,251,255,259,263,267"
plantview__langdon_4__12-03-24,6,0,16,6.835638024977779,7.77016502075824,11.606229200170247,179.41967828667975,42.12795882416158,19.36003038510028,34.614938014279545,19.61740559018366,0.29990769436008236,0.5984960159763454,0.9251220847974627,10.618302611232195,0.31865201813887556,FAIL,"0,6,12,18,24,30,36,42,48,54,60,66,72,78,84,90"
plantview__langdon_4__12-03-24,6,45,16,6.835638024977779,7.77016502075824,11.606229200170247,179.41967828667975,42.12795882416158,2.8986805679134364,5.611189640058457,4.457863746998507,0.03317362609328025,0.08222750122437704,0.9976340907784433,6.874636758302644,0.10787341289685294,PASS,"45,51,57,63,69,75,81,87,93,99,105,111,117,123,129,135"
plantview__langdon_4__12-03-24,6,91,16,6.835638024977779,7.77016502075824,11.606229200170247,179.41967828667975,42.12795882416158,24.05030435244899,40.17916261781157,24.25305268682762,0.43408035836120357,0.8078819859717457,0.854678466146391,10.595631157676717,0.31528994691975654,FAIL,"91,97,103,109,115,121,127,133,139,145,151,157,163,169,175,181"
plantview__langdon_4__12-03-24,6,137,16,6.835638024977779,7.77016502075824,11.606229200170247,179.41967828667975,42.12795882416158,21.86520771354195,35.10950702117934,22.240237030049407,0.3572369897861168,0.572438295113864,0.879351183567096,10.49285206720436,0.30268693275985736,FAIL,"137,143,149,155,161,167,173,179,185,191,197,203,209,215,221,227"
plantview__langdon_4__12-03-24,6,183,16,6.835638024977779,7.77016502075824,11.606229200170247,179.41967828667975,42.12795882416158,13.863204713149035,30.82220071816488,15.32552423664178,0.1508925925270066,0.2714352828395083,0.9773628574074736,10.247182206992802,0.2091819444511746,FAIL,"183,189,195,201,207,213,219,225,231,237,243,249,255,261,267,273"
plantview__langdon_4__12-03-24,8,0,16,6.835638024977779,7.77016502075824,11.606229200170247,179.41967828667975,42.12795882416158,8.475251063632868,15.995985439953682,10.202466957114858,0.17919276800288092,0.2561310439313593,0.9737841912174294,11.044187668306495,0.2060911717345866,PASS,"0,8,16,24,32,40,48,56,64,72,80,88,96,104,112,120"
plantview__langdon_4__12-03-24,8,39,16,6.835638024977779,7.77016502075824,11.606229200170247,179.41967828667975,42.12795882416158,3.4453941102285457,10.384440590327907,5.218086676902435,0.06611195162086628,0.11835808746839976,0.9977320569358361,6.23894589083851,0.10095352185941343,PASS,"39,47,55,63,71,79,87,95,103,111,119,127,135,143,151,159"
plantview__langdon_4__12-03-24,8,79,16,6.835638024977779,7.77016502075824,11.606229200170247,179.41967828667975,42.12795882416158,3.706994317487925,5.349466086005968,3.6346590895592215,0.07170448350546772,0.13670319869170497,0.9937695114158195,4.733524246854769,0.11719633372160759,PASS,"79,87,95,103,111,119,127,135,143,151,159,167,175,183,191,199"
plantview__langdon_4__12-03-24,8,119,16,6.835638024977779,7.77016502075824,11.606229200170247,179.41967828667975,42.12795882416158,30.82960396523949,50.8760445327458,32.33823424030411,0.4324467452231915,0.9657465355196869,0.9140356214827674,14.9639552611016,0.22810305381937965,FAIL,"119,127,135,143,151,159,167,175,183,191,199,207,215,223,231,239"
plantview__langdon_4__12-03-24,8,159,16,6.835638024977779,7.77016502075824,11.606229200170247,179.41967828667975,42.12795882416158,30.530844411742294,50.05355967705425,30.410735104386198,0.4366655517594194,0.8378602042033811,0.9438296092351686,13.312444284061431,0.2574587684067369,FAIL,"159,167,175,183,191,199,207,215,223,231,239,247,255,263,271,279"
plantview__langdon_4__12-03-24,10,0,16,6.835638024977779,7.77016502075824,11.606229200170247,179.41967828667975,42.12795882416158,41.82813721414671,69.89704543141053,40.715813855593254,0.4699701148315695,1.101720454486037,0.8705226007726131,15.696540215960182,0.4144472032370275,FAIL,"0,10,20,30,40,50,60,70,80,90,100,110,120,130,140,150"
plantview__langdon_4__12-03-24,10,33,16,6.835638024977779,7.77016502075824,11.606229200170247,179.41967828667975,42.12795882416158,44.608747994725064,75.57077948705403,44.71020189833364,0.6457557365234821,1.2538630323542388,0.7404504281371124,13.631079346843027,0.5480746229184632,FAIL,"33,43,53,63,73,83,93,103,113,123,133,143,153,163,173,183"
plantview__langdon_4__12-03-24,10,67,16,6.835638024977779,7.77016502075824,11.606229200170247,179.41967828667975,42.12795882416158,44.526010440819036,79.37655046365559,44.856849864298326,0.6681866883787899,1.117219375773717,0.7317046170870116,15.35173694211118,0.45780724993043964,FAIL,"67,77,87,97,107,117,127,137,147,157,167,177,187,197,207,217"
plantview__langdon_4__12-03-24,10,101,16,6.835638024977779,7.77016502075824,11.606229200170247,179.41967828667975,42.12795882416158,44.42253711688422,74.08729569879254,42.78354650645695,0.6746877816718271,0.9842354983601136,0.8368944119097176,15.111243655450702,0.3960767564026978,FAIL,"101,111,121,131,141,151,161,171,181,191,201,211,221,231,241,251"
plantview__langdon_4__12-03-24,10,135,16,6.835638024977779,7.77016502075824,11.606229200170247,179.41967828667975,42.12795882416158,40.51281452245111,67.6917703664003,39.344680555999076,0.5102971549008684,0.8963178716182505,0.9353266035170253,15.882180857832987,0.3779496622066196,FAIL,"135,145,155,165,175,185,195,205,215,225,235,245,255,265,275,285"
plantview__langdon_4__12-03-24,12,0,16,6.835638024977779,7.77016502075824,11.606229200170247,179.41967828667975,42.12795882416158,50.72820609757406,87.08318580071341,49.498520808357945,0.6055593955018217,1.218280265628512,0.792430127080276,20.746189408762234,0.4631939731545628,FAIL,"0,12,24,36,48,60,72,84,96,108,120,132,144,156,168,180"
plantview__langdon_4__12-03-24,12,27,16,6.835638024977779,7.77016502075824,11.606229200170247,179.41967828667975,42.12795882416158,49.855014715517314,88.61016322286297,49.880642060889656,0.6357459795759197,1.2044991700090382,0.7892434156579295,20.4163606526666,0.4097239853317268,FAIL,"27,39,51,63,75,87,99,111,123,135,147,159,171,183,195,207"
plantview__langdon_4__12-03-24,12,55,16,6.835638024977779,7.77016502075824,11.606229200170247,179.41967828667975,42.12795882416158,14.54464841270544,24.04551464700785,19.35721564891405,0.24295598543456437,0.437026093452456,0.969786973030461,28.51588344049106,0.35178568950436595,FAIL,"55,67,79,91,103,115,127,139,151,163,175,187,199,211,223,235"
plantview__langdon_4__12-03-24,12,83,16,6.835638024977779,7.77016502075824,11.606229200170247,179.41967828667975,42.12795882416158,9.10367580719635,25.606745537635113,13.99140841506414,0.12786219530087628,0.22280082771139825,0.9831189815319323,22.831232942303913,0.2878827511682055,FAIL,"83,95,107,119,131,143,155,167,179,191,203,215,227,239,251,263"
plantview__langdon_4__12-03-24,12,111,16,6.835638024977779,7.77016502075824,11.606229200170247,179.41967828667975,42.12795882416158,2.8848008490943178,4.400289502398554,2.758061795279813,0.06289431385664741,0.09054167993090054,0.9960879658905325,3.9285391158808998,0.07654752745999421,PASS,"111,123,135,147,159,171,183,195,207,219,231,243,255,267,279,291"
plantview__langdon_4__12-03-24,16,0,16,6.835638024977779,7.77016502075824,11.606229200170247,179.41967828667975,42.12795882416158,83.74389017376713,161.47605794383378,84.28585408912568,0.448522225554008,1.173042866956788,0.8321094091400926,57.47808825224776,0.6251898463387094,FAIL,"0,16,32,48,64,80,96,112,128,144,160,176,192,208,224,240"
plantview__langdon_4__12-03-24,16,15,16,6.835638024977779,7.77016502075824,11.606229200170247,179.41967828667975,42.12795882416158,2.6964057944118496,5.75056954470785,3.043486287978502,0.0464964638063001,0.09424567206470472,0.9991936821320323,5.49955966694512,0.050713407801744145,PASS,"15,31,47,63,79,95,111,127,143,159,175,191,207,223,239,255"
plantview__langdon_4__12-03-24,16,31,16,6.835638024977779,7.77016502075824,11.606229200170247,179.41967828667975,42.12795882416158,73.986839610085,142.07509318004554,81.22196681217778,0.3954596130033169,1.25177425088284,0.8259865455743622,47.79079348827999,0.5550334519385947,FAIL,"31,47,63,79,95,111,127,143,159,175,191,207,223,239,255,271"
plantview__langdon_4__12-03-24,16,47,16,6.835638024977779,7.77016502075824,11.606229200170247,179.41967828667975,42.12795882416158,2.7758845052597314,4.9599390165677235,2.599250515563898,0.05646514230508502,0.08046319385909861,0.9996176277996778,4.485554177281404,0.06362261273481014,PASS,"47,63,79,95,111,127,143,159,175,191,207,223,239,255,271,287"
plantview__langdon_4__12-03-24,16,63,16,6.835638024977779,7.77016502075824,11.606229200170247,179.41967828667975,42.12795882416158,67.22884913155673,118.004037191132,70.46272441213816,0.23768857536583232,1.0856833967232564,0.8806059301880901,47.50940208451855,0.5299074520953535,FAIL,"63,79,95,111,127,143,159,175,191,207,223,239,255,271,287,303"
plantview__langdon_4__12-03-24,20,0,16,6.835638024977779,7.77016502075824,11.606229200170247,179.41967828667975,42.12795882416158,89.39086793545258,152.8824338075013,87.91315676486906,0.9273098287376158,1.0792993684654457,0.768167859229157,24.96161305010916,0.7108668516190823,FAIL,"0,20,40,60,80,100,120,140,160,180,200,220,240,260,280,300"
plantview__langdon_4__12-03-24,20,3,16,6.835638024977779,7.77016502075824,11.606229200170247,179.41967828667975,42.12795882416158,77.83297672018348,148.34299058637993,84.28893614466647,0.8156093884226894,1.1812177000140323,0.7329928500719874,28.133010218479114,0.7793339691028911,FAIL,"3,23,43,63,83,103,123,143,163,183,203,223,243,263,283,303"
plantview__langdon_4__12-03-24,20,7,16,6.835638024977779,7.77016502075824,11.606229200170247,179.41967828667975,42.12795882416158,7.288103480326965,44.477680439330825,19.794803534578588,0.23436977162758005,0.5288650260221306,0.932216777755998,34.75260863932563,0.5290017725363362,FAIL,"7,27,47,67,87,107,127,147,167,187,207,227,247,267,287,307"
plantview__langdon_4__12-03-24,20,11,16,6.835638024977779,7.77016502075824,11.606229200170247,179.41967828667975,42.12795882416158,3.1568962222216466,5.662442996152771,3.1674751582990757,0.05188548391358417,0.07237693576370594,0.9971838977881214,4.543214846754864,0.08887935811373053,PASS,"11,31,51,71,91,111,131,151,171,191,211,231,251,271,291,311"
plantview__langdon_4__12-03-24,20,15,16,6.835638024977779,7.77016502075824,11.606229200170247,179.41967828667975,42.12795882416158,1.2817089114163225,4.386894337037233,2.7979732281445093,0.04909039832745608,0.07775766702065742,0.996043135418958,4.196176155941071,0.10436842439976421,PASS,"15,35,55,75,95,115,135,155,175,195,215,235,255,275,295,315"
plantview__langdon_4__15-04-24,1,0,16,8.811574204742664,8.978374422264618,13.658570726835743,179.4911002647577,44.020161936355166,2.3945636420976477,4.834574473658188,2.484410300619241,0.05759331375011559,0.11643835377979209,0.9939690740246729,0.7615432193655953,0.12007883634642254,PASS,"0,1,2,3,4,5,6,7,8,9,10,11,12,13,14,15"
plantview__langdon_4__15-04-24,1,60,16,8.811574204742664,8.978374422264618,13.658570726835743,179.4911002647577,44.020161936355166,3.3405667867977833,11.284300366516872,4.946934347963273,0.048537370101622596,0.11951922923085237,0.9424091804909448,2.8278186338489615,0.22868874814389623,PASS,"60,61,62,63,64,65,66,67,68,69,70,71,72,73,74,75"
plantview__langdon_4__15-04-24,1,120,16,8.811574204742664,8.978374422264618,13.658570726835743,179.4911002647577,44.020161936355166,7.341777868113457,11.085719065443095,8.381934153093304,0.12320090659436998,0.2987462753565201,0.9697598880113545,2.0620566102594284,0.20862561327865328,PASS,"120,121,122,123,124,125,126,127,128,129,130,131,132,133,134,135"
plantview__langdon_4__15-04-24,1,181,16,8.811574204742664,8.978374422264618,13.658570726835743,179.4911002647577,44.020161936355166,8.314722290930584,10.25567816660428,8.861947415729766,0.23455358373570462,0.39972547429181576,0.861569362029101,1.855668988327828,0.28312666729813485,PASS,"181,182,183,184,185,186,187,188,189,190,191,192,193,194,195,196"
plantview__langdon_4__15-04-24,1,241,16,8.811574204742664,8.978374422264618,13.658570726835743,179.4911002647577,44.020161936355166,3.938634766641937,15.396999880443179,5.721790858931491,0.038174525065424764,0.12341934455359785,0.935213824875384,1.8547293367320257,0.2226528140353593,PASS,"241,242,243,244,245,246,247,248,249,250,251,252,253,254,255,256"
plantview__langdon_4__15-04-24,2,0,16,8.811574204742664,8.978374422264618,13.658570726835743,179.4911002647577,44.020161936355166,8.303315927348377,11.099019302305313,9.222269221406552,0.1583611879825116,0.23051629393964823,0.9852051668656298,3.7587241525256636,0.12641121107762926,PASS,"0,2,4,6,8,10,12,14,16,18,20,22,24,26,28,30"
plantview__langdon_4__15-04-24,2,57,16,8.811574204742664,8.978374422264618,13.658570726835743,179.4911002647577,44.020161936355166,2.9646906452839095,6.250934643635688,3.273127310912815,0.058696570099594086,0.08722236162043648,0.9911114906174138,2.213300897999602,0.10231630477211456,PASS,"57,59,61,63,65,67,69,71,73,75,77,79,81,83,85,87"
plantview__langdon_4__15-04-24,2,114,16,8.811574204742664,8.978374422264618,13.658570726835743,179.4911002647577,44.020161936355166,6.10973090140646,8.459099984859964,6.021059655146767,0.08797218422547962,0.15389297081682535,0.9933136926529902,2.14866797063178,0.11880064590027545,PASS,"114,116,118,120,122,124,126,128,130,132,134,136,138,140,142,144"
plantview__langdon_4__15-04-24,2,172,16,8.811574204742664,8.978374422264618,13.658570726835743,179.4911002647577,44.020161936355166,4.468192854801483,8.26939843233529,4.415145260234366,0.08411421780801864,0.11369384542774144,0.9867293296391829,3.0441403087581076,0.1471328593621526,PASS,"172,174,176,178,180,182,184,186,188,190,192,194,196,198,200,202"
plantview__langdon_4__15-04-24,2,229,16,8.811574204742664,8.978374422264618,13.658570726835743,179.4911002647577,44.020161936355166,5.874407564271699,12.565681342051501,6.440088671912352,0.09326260707147864,0.16720996269066918,0.9762125824295732,3.0183375515206157,0.18316541474414108,PASS,"229,231,233,235,237,239,241,243,245,247,249,251,253,255,257,259"
plantview__langdon_4__15-04-24,4,0,16,8.811574204742664,8.978374422264618,13.658570726835743,179.4911002647577,44.020161936355166,11.60156650326764,24.784623205033213,13.741918529334622,0.20277602550167034,0.3852904534646445,0.9750291779824257,4.603039333662118,0.17801726840499157,FAIL,"0,4,8,12,16,20,24,28,32,36,40,44,48,52,56,60"
plantview__langdon_4__15-04-24,4,51,16,8.811574204742664,8.978374422264618,13.658570726835743,179.4911002647577,44.020161936355166,2.508462058270312,7.923451401842216,3.6570785456258523,0.07940013405899507,0.10805796150248256,0.9792101082319299,4.305062538687823,0.19151916235105,PASS,"51,55,59,63,67,71,75,79,83,87,91,95,99,103,107,111"
plantview__langdon_4__15-04-24,4,102,16,8.811574204742664,8.978374422264618,13.658570726835743,179.4911002647577,44.020161936355166,10.681024860944131,22.941518162582945,12.187371186330122,0.15831454878512424,0.2433709491576565,0.9867916753535485,7.635512795782292,0.1668469128185652,FAIL,"102,106,110,114,118,122,126,130,134,138,142,146,150,154,158,162"
plantview__langdon_4__15-04-24,4,154,16,8.811574204742664,8.978374422264618,13.658570726835743,179.4911002647577,44.020161936355166,16.823076268472587,21.920989556258,14.97637993199822,0.2495701316547922,0.497335301903432,0.9600631973847037,6.521007742181916,0.1979590723867723,FAIL,"154,158,162,166,170,174,178,182,186,190,194,198,202,206,210,214"
plantview__langdon_4__15-04-24,4,205,16,8.811574204742664,8.978374422264618,13.658570726835743,179.4911002647577,44.020161936355166,2.6656601434337057,7.017492685972209,3.2054972887404154,0.06285060829674467,0.08159382433354459,0.9944267581103396,4.196560204354285,0.12047494861883766,PASS,"205,209,213,217,221,225,229,233,237,241,245,249,253,257,261,265"
plantview__langdon_4__15-04-24,6,0,16,8.811574204742664,8.978374422264618,13.658570726835743,179.4911002647577,44.020161936355166,18.052937768623345,39.984215067473016,20.299028139687998,0.3235145628177911,0.5655676612957703,0.9503032333217848,9.990742115377484,0.32736196475338775,FAIL,"0,6,12,18,24,30,36,42,48,54,60,66,72,78,84,90"
plantview__langdon_4__15-04-24,6,45,16,8.811574204742664,8.978374422264618,13.658570726835743,179.4911002647577,44.020161936355166,2.393539223168742,4.723414547036256,2.4331050700476204,0.05254581932900973,0.09599845702659704,0.9946749631389464,3.957415400248281,0.10098627043229073,PASS,"45,51,57,63,69,75,81,87,93,99,105,111,117,123,129,135"
plantview__langdon_4__15-04-24,6,90,16,8.811574204742664,8.978374422264618,13.658570726835743,179.4911002647577,44.020161936355166,13.462096730453428,31.13778719588331,15.643330959309838,0.18008778237397724,0.2973314416314573,0.9547236144244112,11.550196929808697,0.2289448676821623,FAIL,"90,96,102,108,114,120,126,132,138,144,150,156,162,168,174,180"
plantview__langdon_4__15-04-24,6,136,16,8.811574204742664,8.978374422264618,13.658570726835743,179.4911002647577,44.020161936355166,17.612425183631345,34.03196921909377,18.63726650704256,0.23202407029954153,0.38069055405461527,0.9559319824736153,12.362077224595415,0.26970872337456714,FAIL,"136,142,148,154,160,166,172,178,184,190,196,202,208,214,220,226"
plantview__langdon_4__15-04-24,6,181,16,8.811574204742664,8.978374422264618,13.658570726835743,179.4911002647577,44.020161936355166,4.313892716842286,14.368333704490382,6.092202268924408,0.08992719013114414,0.1594896189458491,0.9629904667868726,9.312447430206314,0.21346585156202177,PASS,"181,187,193,199,205,211,217,223,229,235,241,247,253,259,265,271"
plantview__langdon_4__15-04-24,8,0,16,8.811574204742664,8.978374422264618,13.658570726835743,179.4911002647577,44.020161936355166,23.802882533411783,47.426652790548374,27.127990789415055,0.33568024313999234,0.47443684940975406,0.9340671242833444,14.171480977961094,0.33899781147288016,FAIL,"0,8,16,24,32,40,48,56,64,72,80,88,96,104,112,120"
plantview__langdon_4__15-04-24,8,39,16,8.811574204742664,8.978374422264618,13.658570726835743,179.4911002647577,44.020161936355166,2.9404764729125423,8.75792658221282,3.7658589266126654,0.06519472376532379,0.09016062562036686,0.9964950116729496,4.187993026713466,0.08355237735635998,PASS,"39,47,55,63,71,79,87,95,103,111,119,127,135,143,151,159"
plantview__langdon_4__15-04-24,8,78,16,8.811574204742664,8.978374422264618,13.658570726835743,179.4911002647577,44.020161936355166,5.242417108284167,13.395319196312267,8.030541203512684,0.1009979813688471,0.1640597866301647,0.9935117038022564,10.131412479208588,0.12459675587708656,PASS,"78,86,94,102,110,118,126,134,142,150,158,166,174,182,190,198"
plantview__langdon_4__15-04-24,8,118,16,8.811574204742664,8.978374422264618,13.658570726835743,179.4911002647577,44.020161936355166,16.374142039007147,30.080567883054805,18.600100685425133,0.21396458756380715,0.32249591997272664,0.9704723188797022,17.36678924468959,0.2672129582877046,FAIL,"118,126,134,142,150,158,166,174,182,190,198,206,214,222,230,238"
plantview__langdon_4__15-04-24,8,157,16,8.811574204742664,8.978374422264618,13.658570726835743,179.4911002647577,44.020161936355166,31.065690881960517,48.26974073973326,30.525823623016095,0.5087759369962488,0.828306636798308,0.9274277007053691,14.558665328725674,0.2919052726053826,FAIL,"157,165,173,181,189,197,205,213,221,229,237,245,253,261,269,277"
plantview__langdon_4__15-04-24,10,0,16,8.811574204742664,8.978374422264618,13.658570726835743,179.4911002647577,44.020161936355166,22.727000559271183,44.452508515894294,24.591292198186196,0.198572448060363,0.2784484691127057,0.8581140863517741,22.040061020594347,0.4364058103515472,FAIL,"0,10,20,30,40,50,60,70,80,90,100,110,120,130,140,150"
plantview__langdon_4__15-04-24,10,33,16,8.811574204742664,8.978374422264618,13.658570726835743,179.4911002647577,44.020161936355166,21.164138722796324,43.68857534575924,25.10951807562602,0.28379830187341226,0.4304359068292505,0.9193158273140541,17.287207625821736,0.3428490791064701,FAIL,"33,43,53,63,73,83,93,103,113,123,133,143,153,163,173,183"
plantview__langdon_4__15-04-24,10,66,16,8.811574204742664,8.978374422264618,13.658570726835743,179.4911002647577,44.020161936355166,30.534164094764208,69.2652313444384,36.85230844145606,0.5190682941345102,1.0251563672219275,0.8524336265048337,30.29483612400451,0.4458971627652254,FAIL,"66,76,86,96,106,116,126,136,146,156,166,176,186,196,206,216"
plantview__langdon_4__15-04-24,10,100,16,8.811574204742664,8.978374422264618,13.658570726835743,179.4911002647577,44.020161936355166,15.498206123020367,42.73202564222355,20.15486195166345,0.264903949010877,0.4548563152916773,0.9454009152208676,21.712078570114517,0.34281543919327734,FAIL,"100,110,120,130,140,150,160,170,180,190,200,210,220,230,240,250"
plantview__langdon_4__15-04-24,10,133,16,8.811574204742664,8.978374422264618,13.658570726835743,179.4911002647577,44.020161936355166,6.5070067593678464,26.96741332478848,11.175719951676362,0.17259955137454983,0.3895684087856045,0.9770783938324106,13.968336505240705,0.2558725986253671,FAIL,"133,143,153,163,173,183,193,203,213,223,233,243,253,263,273,283"
plantview__langdon_4__15-04-24,12,0,16,8.811574204742664,8.978374422264618,13.658570726835743,179.4911002647577,44.020161936355166,31.459967554604713,68.71157420142882,35.818599342761544,0.3470650149335004,0.5984652396524079,0.8736762879882096,31.046864274676746,0.5420629198501243,FAIL,"0,12,24,36,48,60,72,84,96,108,120,132,144,156,168,180"
plantview__langdon_4__15-04-24,12,27,16,8.811574204742664,8.978374422264618,13.658570726835743,179.4911002647577,44.020161936355166,10.975444643299905,74.6042530252245,26.832719326636603,0.28123421844368535,0.589727020213489,0.9133351230975696,33.88343683588399,0.5641708100724424,FAIL,"27,39,51,63,75,87,99,111,123,135,147,159,171,183,195,207"
plantview__langdon_4__15-04-24,12,54,16,8.811574204742664,8.978374422264618,13.658570726835743,179.4911002647577,44.020161936355166,8.454587028566673,17.248022994802305,12.184929727381466,0.11293539785818202,0.1961170192156087,0.9876270014547818,16.844593339637193,0.22667240750792672,PASS,"54,66,78,90,102,114,126,138,150,162,174,186,198,210,222,234"
plantview__langdon_4__15-04-24,12,82,16,8.811574204742664,8.978374422264618,13.658570726835743,179.4911002647577,44.020161936355166,3.6980263481962554,8.04299079866893,4.55057093204718,0.09253878465323434,0.16629902313867054,0.989471149414982,6.52133494472518,0.14157680497011693,PASS,"82,94,106,118,130,142,154,166,178,190,202,214,226,238,250,262"
plantview__langdon_4__15-04-24,12,109,16,8.811574204742664,8.978374422264618,13.658570726835743,179.4911002647577,44.020161936355166,3.576945541542148,5.105361259722955,3.280425251449743,0.05771765888097888,0.0840227642141115,0.9966317762838816,5.194673090360597,0.08266136643735532,PASS,"109,121,133,145,157,169,181,193,205,217,229,241,253,265,277,289"
plantview__langdon_4__15-04-24,16,0,16,8.811574204742664,8.978374422264618,13.658570726835743,179.4911002647577,44.020161936355166,45.632791987922644,111.80135278620949,59.8465920785587,0.41200968895733014,0.9019619667837842,0.9236086663422168,43.508167717454896,0.490408603146895,FAIL,"0,16,32,48,64,80,96,112,128,144,160,176,192,208,224,240"
plantview__langdon_4__15-04-24,16,15,16,8.811574204742664,8.978374422264618,13.658570726835743,179.4911002647577,44.020161936355166,3.4743451290935745,5.452841572555449,3.5205458042662565,0.060629304788427874,0.09105877903799045,0.9983790936223518,5.186255375950558,0.06935411186055486,PASS,"15,31,47,63,79,95,111,127,143,159,175,191,207,223,239,255"
plantview__langdon_4__15-04-24,16,30,16,8.811574204742664,8.978374422264618,13.658570726835743,179.4911002647577,44.020161936355166,61.64250750129754,151.2170044601183,72.6128787296786,0.3044612719866186,1.082751882884863,0.8390342364556438,51.7221131709764,0.5691901567904936,FAIL,"30,46,62,78,94,110,126,142,158,174,190,206,222,238,254,270"
plantview__langdon_4__15-04-24,16,46,16,8.811574204742664,8.978374422264618,13.658570726835743,179.4911002647577,44.020161936355166,5.8915112619315995,9.79154969020241,6.265207204247835,0.08539028846923158,0.12039033126505999,0.9989134971721202,12.32103778238219,0.12048887761844833,PASS,"46,62,78,94,110,126,142,158,174,190,206,222,238,254,270,286"
plantview__langdon_4__15-04-24,16,61,16,8.811574204742664,8.978374422264618,13.658570726835743,179.4911002647577,44.020161936355166,72.44101607438648,141.1674957537268,75.9377118036304,0.22297748272645462,1.0601946613960314,0.8766093067032704,37.253577734696584,0.5064347974190049,FAIL,"61,77,93,109,125,141,157,173,189,205,221,237,253,269,285,301"
plantview__langdon_4__15-04-24,20,0,16,8.811574204742664,8.978374422264618,13.658570726835743,179.4911002647577,44.020161936355166,89.48058723012306,161.6941600400005,86.98800225821577,0.865426878282157,1.1252305982992397,0.6986040254760384,24.52866879827835,0.7017668488762542,FAIL,"0,20,40,60,80,100,120,140,160,180,200,220,240,260,280,300"
plantview__langdon_4__15-04-24,20,3,16,8.811574204742664,8.978374422264618,13.658570726835743,179.4911002647577,44.020161936355166,16.9613529555355,149.19534090873947,50.81606013603954,0.35049102959286127,0.8308560769250231,0.8640114084799968,70.19692403243249,0.7584819432573453,FAIL,"3,23,43,63,83,103,123,143,163,183,203,223,243,263,283,303"
plantview__langdon_4__15-04-24,20,6,16,8.811574204742664,8.978374422264618,13.658570726835743,179.4911002647577,44.020161936355166,8.324490785613973,74.70003042114926,24.491121974178853,0.17777476770426215,0.30119940999287953,0.9542592720462437,44.397662926459816,0.4783105058578258,FAIL,"6,26,46,66,86,106,126,146,166,186,206,226,246,266,286,306"
plantview__langdon_4__15-04-24,20,10,16,8.811574204742664,8.978374422264618,13.658570726835743,179.4911002647577,44.020161936355166,1.2232516301886496,3.422803884793903,1.557507369840696,0.04914892838315548,0.07234699360294947,0.9973593293604163,2.242545623103618,0.08407092588602498,PASS,"10,30,50,70,90,110,130,150,170,190,210,230,250,270,290,310"
plantview__langdon_4__15-04-24,20,13,16,8.811574204742664,8.978374422264618,13.658570726835743,179.4911002647577,44.020161936355166,2.524998816878325,6.56043941028087,3.139745608816122,0.04828009216588973,0.08396920261678484,0.9958837717658248,4.849606117653014,0.08909436884367726,PASS,"13,33,53,73,93,113,133,153,173,193,213,233,253,273,293,313"
plantview__langdon_4__19-03-24,1,0,16,6.886251900595442,7.770188405414663,11.54770817149742,178.83494951017067,44.03006197166412,2.456694148761975,3.7474056783834713,2.118848633054065,0.040604127122377646,0.07352323574122643,0.994096028466367,0.9411063790103193,0.12259762532735254,PASS,"0,1,2,3,4,5,6,7,8,9,10,11,12,13,14,15"
plantview__langdon_4__19-03-24,1,60,16,6.886251900595442,7.770188405414663,11.54770817149742,178.83494951017067,44.03006197166412,4.564382265767177,12.769790298630692,6.338776887761927,0.07502087963736709,0.15422075840992303,0.9722480429624613,2.080047566531021,0.19789847228564214,PASS,"60,61,62,63,64,65,66,67,68,69,70,71,72,73,74,75"
plantview__langdon_4__19-03-24,1,121,16,6.886251900595442,7.770188405414663,11.54770817149742,178.83494951017067,44.03006197166412,7.703401733631136,9.939951634834676,7.990210073737421,0.1867129903160804,0.3532648865831536,0.9509470476797449,1.8537656299538374,0.26898774904546807,PASS,"121,122,123,124,125,126,127,128,129,130,131,132,133,134,135,136"
plantview__langdon_4__19-03-24,1,182,16,6.886251900595442,7.770188405414663,11.54770817149742,178.83494951017067,44.03006197166412,7.056743267936696,11.315211639932361,8.485415351315524,0.22466874054811908,0.3369395565243364,0.8791318776946871,1.9575744159971358,0.2972083810524843,PASS,"182,183,184,185,186,187,188,189,190,191,192,193,194,195,196,197"
plantview__langdon_4__19-03-24,1,243,16,6.886251900595442,7.770188405414663,11.54770817149742,178.83494951017067,44.03006197166412,3.9751380683791915,14.71155963355937,5.914102254219506,0.04952614701381537,0.1351366286145802,0.8734358201832405,2.357238045542234,0.256830131492975,PASS,"243,244,245,246,247,248,249,250,251,252,253,254,255,256,257,258"
plantview__langdon_4__19-03-24,2,0,16,6.886251900595442,7.770188405414663,11.54770817149742,178.83494951017067,44.03006197166412,8.199366704558457,9.613740010965298,7.826027877656477,0.18460311194291917,0.24260673240234126,0.9891842840449115,1.894279062170556,0.1437110093089605,PASS,"0,2,4,6,8,10,12,14,16,18,20,22,24,26,28,30"
plantview__langdon_4__19-03-24,2,57,16,6.886251900595442,7.770188405414663,11.54770817149742,178.83494951017067,44.03006197166412,1.8167149848156967,4.389190235863776,2.187775545850613,0.04555921416420467,0.08480991001560557,0.9919988339591927,1.731401593362221,0.12084539120858513,PASS,"57,59,61,63,65,67,69,71,73,75,77,79,81,83,85,87"
plantview__langdon_4__19-03-24,2,115,16,6.886251900595442,7.770188405414663,11.54770817149742,178.83494951017067,44.03006197166412,3.6528097565766284,7.484611358330967,4.042058132842479,0.04457546960473834,0.07883789258268245,0.994985020221205,2.54403552220093,0.12851177002194075,PASS,"115,117,119,121,123,125,127,129,131,133,135,137,139,141,143,145"
plantview__langdon_4__19-03-24,2,173,16,6.886251900595442,7.770188405414663,11.54770817149742,178.83494951017067,44.03006197166412,4.025306973556708,9.863040983906776,5.034193152658446,0.09435187486385634,0.17545632262692934,0.9666237833710333,3.9581613061555996,0.23521650627652774,PASS,"173,175,177,179,181,183,185,187,189,191,193,195,197,199,201,203"
plantview__langdon_4__19-03-24,2,231,16,6.886251900595442,7.770188405414663,11.54770817149742,178.83494951017067,44.03006197166412,8.880026391586238,17.28011581969485,8.931440343508747,0.13686503141952255,0.33827722185727305,0.9711580999905423,3.242884993517605,0.24894756536339752,PASS,"231,233,235,237,239,241,243,245,247,249,251,253,255,257,259,261"
plantview__langdon_4__19-03-24,4,0,16,6.886251900595442,7.770188405414663,11.54770817149742,178.83494951017067,44.03006197166412,16.312554305697915,25.647139402059224,15.995381097391476,0.29390427705953076,0.5926712028230587,0.974224738654642,5.795759507011346,0.1611321998480073,FAIL,"0,4,8,12,16,20,24,28,32,36,40,44,48,52,56,60"
plantview__langdon_4__19-03-24,4,51,16,6.886251900595442,7.770188405414663,11.54770817149742,178.83494951017067,44.03006197166412,0.8791174082648757,3.340769807111196,1.1561837117213618,0.026609866604831993,0.04943691049458606,0.9986406959203975,1.4070846099542538,0.05310790155020018,PASS,"51,55,59,63,67,71,75,79,83,87,91,95,99,103,107,111"
plantview__langdon_4__19-03-24,4,103,16,6.886251900595442,7.770188405414663,11.54770817149742,178.83494951017067,44.03006197166412,5.691017718697843,13.483266482059,6.836314003248344,0.08317870582740389,0.11969784466615654,0.9948872310783551,4.010469389802299,0.08953642325253343,PASS,"103,107,111,115,119,123,127,131,135,139,143,147,151,155,159,163"
plantview__langdon_4__19-03-24,4,155,16,6.886251900595442,7.770188405414663,11.54770817149742,178.83494951017067,44.03006197166412,7.050886883059053,17.092018143403873,8.926659052127222,0.14150062490410065,0.250713434485189,0.9802611217442326,6.541879029853827,0.1877937563906576,PASS,"155,159,163,167,171,175,179,183,187,191,195,199,203,207,211,215"
plantview__langdon_4__19-03-24,4,207,16,6.886251900595442,7.770188405414663,11.54770817149742,178.83494951017067,44.03006197166412,3.622029076104724,5.270247868891341,3.9962894058313783,0.07977383967638366,0.13295787055617364,0.9911930041406087,4.752870333435229,0.15425445320624043,PASS,"207,211,215,219,223,227,231,235,239,243,247,251,255,259,263,267"
plantview__langdon_4__19-03-24,6,0,16,6.886251900595442,7.770188405414663,11.54770817149742,178.83494951017067,44.03006197166412,20.949331583174835,37.597714921732134,22.29930914798558,0.32870931478356524,0.6171941367656306,0.9624311480316989,10.608525147406668,0.27072162637188957,FAIL,"0,6,12,18,24,30,36,42,48,54,60,66,72,78,84,90"
plantview__langdon_4__19-03-24,6,45,16,6.886251900595442,7.770188405414663,11.54770817149742,178.83494951017067,44.03006197166412,1.028600984274975,2.3616891646559854,1.058180488453728,0.03410456874077084,0.060149790055170835,0.9987373950916003,0.9582503276719145,0.055913883366502395,PASS,"45,51,57,63,69,75,81,87,93,99,105,111,117,123,129,135"
plantview__langdon_4__19-03-24,6,91,16,6.886251900595442,7.770188405414663,11.54770817149742,178.83494951017067,44.03006197166412,16.903822453832458,30.24783539744931,18.03612877869754,0.239054212589507,0.38464426168184185,0.9554155265607747,9.679519666790771,0.21755281069809748,FAIL,"91,97,103,109,115,121,127,133,139,145,151,157,163,169,175,181"
plantview__langdon_4__19-03-24,6,137,16,6.886251900595442,7.770188405414663,11.54770817149742,178.83494951017067,44.03006197166412,6.6195238581967,17.012712332030986,8.664770262044996,0.10075690263840506,0.2560244327922493,0.969980599717811,6.228514082359571,0.14256806584050166,PASS,"137,143,149,155,161,167,173,179,185,191,197,203,209,215,221,227"
plantview__langdon_4__19-03-24,6,183,16,6.886251900595442,7.770188405414663,11.54770817149742,178.83494951017067,44.03006197166412,17.082264891232597,33.7410981580731,17.60720015694192,0.23768130293601386,0.5485860578826873,0.9562726848974233,11.407473292088508,0.3072666826692808,FAIL,"183,189,195,201,207,213,219,225,231,237,243,249,255,261,267,273"
plantview__langdon_4__19-03-24,8,0,16,6.886251900595442,7.770188405414663,11.54770817149742,178.83494951017067,44.03006197166412,34.004806720752114,61.06199102030777,34.24465533064512,0.5059566862623388,0.9383794047058422,0.9141218566065398,15.576858682751531,0.3260474072120149,FAIL,"0,8,16,24,32,40,48,56,64,72,80,88,96,104,112,120"
plantview__langdon_4__19-03-24,8,39,16,6.886251900595442,7.770188405414663,11.54770817149742,178.83494951017067,44.03006197166412,5.742492687297818,13.994273255119552,8.00073805223008,0.08329778421777465,0.14967956568050048,0.9960418535851087,7.051498602293889,0.09334286309235888,PASS,"39,47,55,63,71,79,87,95,103,111,119,127,135,143,151,159"
plantview__langdon_4__19-03-24,8,79,16,6.886251900595442,7.770188405414663,11.54770817149742,178.83494951017067,44.03006197166412,1.7669916163074926,6.353811736304861,2.5684343463116592,0.043720879569712046,0.08689318530928601,0.9985019737945874,3.8372730179733208,0.07714533724431534,PASS,"79,87,95,103,111,119,127,135,143,151,159,167,175,183,191,199"
plantview__langdon_4__19-03-24,8,119,16,6.886251900595442,7.770188405414663,11.54770817149742,178.83494951017067,44.03006197166412,11.017417017826773,33.127298804322365,16.0845771005782,0.2019846240910022,0.30277173319245276,0.9892215464647571,12.914396429084464,0.19833999859107232,FAIL,"119,127,135,143,151,159,167,175,183,191,199,207,215,223,231,239"
plantview__langdon_4__19-03-24,8,159,16,6.886251900595442,7.770188405414663,11.54770817149742,178.83494951017067,44.03006197166412,34.711854477963456,62.719748107199166,34.19695825310424,0.5499294111065256,1.077289933355641,0.899754375786108,14.306788962353155,0.2873790661321206,FAIL,"159,167,175,183,191,199,207,215,223,231,239,247,255,263,271,279"
plantview__langdon_4__19-03-24,10,0,16,6.886251900595442,7.770188405414663,11.54770817149742,178.83494951017067,44.03006197166412,38.499534041852655,62.52867292389301,37.32051726488318,0.42458190682269215,0.7243319932359435,0.90578962499395,19.431755014016822,0.4150231763880573,FAIL,"0,10,20,30,40,50,60,70,80,90,100,110,120,130,140,150"
plantview__langdon_4__19-03-24,10,33,16,6.886251900595442,7.770188405414663,11.54770817149742,178.83494951017067,44.03006197166412,24.600745648640462,59.89495916849579,30.547678421680537,0.3055807801180664,0.47444824757485765,0.9195162132276072,23.26026158009347,0.4634088459408922,FAIL,"33,43,53,63,73,83,93,103,113,123,133,143,153,163,173,183"
plantview__langdon_4__19-03-24,10,67,16,6.886251900595442,7.770188405414663,11.54770817149742,178.83494951017067,44.03006197166412,27.615861452082175,60.052587353340435,32.469013800417216,0.3938395953303847,0.6662545300634692,0.8821442469035866,15.528831261862836,0.38854173748296006,FAIL,"67,77,87,97,107,117,127,137,147,157,167,177,187,197,207,217"
plantview__langdon_4__19-03-24,10,101,16,6.886251900595442,7.770188405414663,11.54770817149742,178.83494951017067,44.03006197166412,31.030390975127002,65.49817075201219,34.90955734452281,0.4971376451659062,1.0440055600249663,0.8315995142138731,28.055567761783564,0.47939685349678035,FAIL,"101,111,121,131,141,151,161,171,181,191,201,211,221,231,241,251"
plantview__langdon_4__19-03-24,10,135,16,6.886251900595442,7.770188405414663,11.54770817149742,178.83494951017067,44.03006197166412,15.62071615832501,40.24554172541366,18.81485753293236,0.2060061946491349,0.2894596925887991,0.9781570933897306,19.286751257390375,0.2797550478751624,FAIL,"135,145,155,165,175,185,195,205,215,225,235,245,255,265,275,285"
plantview__langdon_4__19-03-24,12,0,16,6.886251900595442,7.770188405414663,11.54770817149742,178.83494951017067,44.03006197166412,43.54611812835435,68.56247952497799,42.8725515586768,0.44744758507907595,0.724176622037931,0.8787968988479514,23.40547916114868,0.46543961120167343,FAIL,"0,12,24,36,48,60,72,84,96,108,120,132,144,156,168,180"
plantview__langdon_4__19-03-24,12,27,16,6.886251900595442,7.770188405414663,11.54770817149742,178.83494951017067,44.03006197166412,24.848438673639535,69.39385565976058,34.78246017167413,0.32493649561813814,0.5371675661489468,0.9211640489364383,30.363444813563486,0.512174702053125,FAIL,"27,39,51,63,75,87,99,111,123,135,147,159,171,183,195,207"
plantview__langdon_4__19-03-24,12,55,16,6.886251900595442,7.770188405414663,11.54770817149742,178.83494951017067,44.03006197166412,9.409771071657644,14.669841634921157,13.275546740143607,0.12967207831204836,0.21034879864094114,0.9873295850790722,17.834258158012013,0.22513030064468034,PASS,"55,67,79,91,103,115,127,139,151,163,175,187,199,211,223,235"
plantview__langdon_4__19-03-24,12,83,16,6.886251900595442,7.770188405414663,11.54770817149742,178.83494951017067,44.03006197166412,3.8549275429072263,9.814221094217014,7.47522002921907,0.0532590226212751,0.09744140216604857,0.9961711678857144,11.428191003173659,0.13782923609568237,PASS,"83,95,107,119,131,143,155,167,179,191,203,215,227,239,251,263"
plantview__langdon_4__19-03-24,12,111,16,6.886251900595442,7.770188405414663,11.54770817149742,178.83494951017067,44.03006197166412,2.779779934849531,3.6701122913422566,2.5133728684834242,0.03687527216813479,0.0641888527264603,0.9983602680093682,3.5928566582873502,0.07508622124081644,PASS,"111,123,135,147,159,171,183,195,207,219,231,243,255,267,279,291"
plantview__langdon_4__19-03-24,16,0,16,6.886251900595442,7.770188405414663,11.54770817149742,178.83494951017067,44.03006197166412,63.219721736783086,113.82187127697193,65.23720011350969,0.24967774541840143,0.8226608140847647,0.915447355054046,38.49296235458735,0.47703519337388917,FAIL,"0,16,32,48,64,80,96,112,128,144,160,176,192,208,224,240"
plantview__langdon_4__19-03-24,16,15,16,6.886251900595442,7.770188405414663,11.54770817149742,178.83494951017067,44.03006197166412,5.205200318684309,41.87557173670125,16.713624979708683,0.11388822469273063,0.4296819733294521,0.9882357032911421,30.866739373260945,0.2536370713235788,FAIL,"15,31,47,63,79,95,111,127,143,159,175,191,207,223,239,255"
plantview__langdon_4__19-03-24,16,31,16,6.886251900595442,7.770188405414663,11.54770817149742,178.83494951017067,44.03006197166412,55.317210334876094,108.76227516989707,61.79277567770523,0.32229498634212783,0.8687053523199897,0.9177648865628012,44.47953049379326,0.47297300468198133,FAIL,"31,47,63,79,95,111,127,143,159,175,191,207,223,239,255,271"
plantview__langdon_4__19-03-24,16,47,16,6.886251900595442,7.770188405414663,11.54770817149742,178.83494951017067,44.03006197166412,5.515441656926054,18.281012436783847,10.236122903461725,0.11595396443328049,0.3356704494733535,0.9874496369335322,16.677502510173785,0.17244454038664467,PASS,"47,63,79,95,111,127,143,159,175,191,207,223,239,255,271,287"
plantview__langdon_4__19-03-24,16,63,16,6.886251900595442,7.770188405414663,11.54770817149742,178.83494951017067,44.03006197166412,39.88997687816869,111.23198358716738,52.234205328070814,0.19299462652549315,0.48141700215864147,0.9731282086999353,71.57776647563371,0.44808783018161097,FAIL,"63,79,95,111,127,143,159,175,191,207,223,239,255,271,287,303"
plantview__langdon_4__19-03-24,20,0,16,6.886251900595442,7.770188405414663,11.54770817149742,178.83494951017067,44.03006197166412,80.85106242530674,143.56062222042766,80.27615179647934,0.8726216805677467,1.1891964069854992,0.6514276851665036,37.32098647969048,0.6370301475589505,FAIL,"0,20,40,60,80,100,120,140,160,180,200,220,240,260,280,300"
plantview__langdon_4__19-03-24,20,3,16,6.886251900595442,7.770188405414663,11.54770817149742,178.83494951017067,44.03006197166412,71.87418218385083,151.29027201449105,74.62975541708343,0.8326082249065035,1.143479866428844,0.680263965503226,44.84736497058197,0.785061624498281,FAIL,"3,23,43,63,83,103,123,143,163,183,203,223,243,263,283,303"
plantview__langdon_4__19-03-24,20,7,16,6.886251900595442,7.770188405414663,11.54770817149742,178.83494951017067,44.03006197166412,5.625044170245079,63.964551948243916,18.931065377940097,0.15354552361713086,0.49660221908013913,0.9229254901524971,35.9591642610739,0.4473454496504621,FAIL,"7,27,47,67,87,107,127,147,167,187,207,227,247,267,287,307"
plantview__langdon_4__19-03-24,20,11,16,6.886251900595442,7.770188405414663,11.54770817149742,178.83494951017067,44.03006197166412,6.270739458460934,15.81931754800398,8.213935116310786,0.05324334806503586,0.1056920306028454,0.9947253454231613,12.89389643700039,0.14078205036017302,PASS,"11,31,51,71,91,111,131,151,171,191,211,231,251,271,291,311"
plantview__langdon_4__19-03-24,20,15,16,6.886251900595442,7.770188405414663,11.54770817149742,178.83494951017067,44.03006197166412,2.997988551103634,5.040293170431674,2.7860585735411396,0.05066726105992425,0.07954663729550768,0.9965985793308344,3.7186343588448283,0.08297926336734482,PASS,"15,35,55,75,95,115,135,155,175,195,215,235,255,275,295,315"
plantview__langdon_4__05-03-24,1,0,16,7.433697338823153,7.7999500149695695,11.581574348011054,179.5568229263754,38.86008109020193,2.69296330657411,4.075404252863969,2.28474799367732,0.05281605510457793,0.0788605710521115,0.9947488911606466,1.0652976322367245,0.08879363472270332,PASS,"0,1,2,3,4,5,6,7,8,9,10,11,12,13,14,15"
plantview__langdon_4__05-03-24,1,60,16,7.433697338823153,7.7999500149695695,11.581574348011054,179.5568229263754,38.86008109020193,4.1217553525239286,10.299677850373268,5.7746223960068015,0.07050467875996727,0.12349496094501533,0.9785730024262962,2.8357115983084733,0.22497627801801465,PASS,"60,61,62,63,64,65,66,67,68,69,70,71,72,73,74,75"
plantview__langdon_4__05-03-24,1,121,16,7.433697338823153,7.7999500149695695,11.581574348011054,179.5568229263754,38.86008109020193,7.810660103823729,8.412684296105017,7.2630752982135505,0.22944753329701237,0.30774447219666334,0.9083871289233313,1.7913285784545283,0.2998076239639754,PASS,"121,122,123,124,125,126,127,128,129,130,131,132,133,134,135,136"
plantview__langdon_4__05-03-24,1,182,16,7.433697338823153,7.7999500149695695,11.581574348011054,179.5568229263754,38.86008109020193,7.357382719152412,11.573201340871417,8.606721092634046,0.20802836618161508,0.33622553649419773,0.871853730803102,1.6009428539231678,0.33964455463967835,PASS,"182,183,184,185,186,187,188,189,190,191,192,193,194,195,196,197"
plantview__langdon_4__05-03-24,1,243,16,7.433697338823153,7.7999500149695695,11.581574348011054,179.5568229263754,38.86008109020193,3.802178108643707,14.979083553970817,5.8161240934299645,0.04172171896411407,0.11978276124757217,0.897492556715088,2.071365251191064,0.2551389354037956,PASS,"243,244,245,246,247,248,249,250,251,252,253,254,255,256,257,258"
plantview__langdon_4__05-03-24,2,0,16,7.433697338823153,7.7999500149695695,11.581574348011054,179.5568229263754,38.86008109020193,5.184129811174138,7.491044501128258,5.290077089300196,0.08933780102028271,0.14876188440798235,0.9919868270931035,2.230421752725127,0.130924917798419,PASS,"0,2,4,6,8,10,12,14,16,18,20,22,24,26,28,30"
plantview__langdon_4__05-03-24,2,57,16,7.433697338823153,7.7999500149695695,11.581574348011054,179.5568229263754,38.86008109020193,2.5902519661477337,4.1513081693908145,2.7240139326700765,0.033048963798196385,0.04607465926541382,0.9943346846449138,2.5859448666114178,0.0869378336569497,PASS,"57,59,61,63,65,67,69,71,73,75,77,79,81,83,85,87"
plantview__langdon_4__05-03-24,2,115,16,7.433697338823153,7.7999500149695695,11.581574348011054,179.5568229263754,38.86008109020193,1.7039516979209761,4.249113617303832,2.096994361793179,0.022238920606933728,0.03878178124383208,0.9981364393589348,1.3500424118092846,0.06287563294706275,PASS,"115,117,119,121,123,125,127,129,131,133,135,137,139,141,143,145"
plantview__langdon_4__05-03-24,2,173,16,7.433697338823153,7.7999500149695695,11.581574348011054,179.5568229263754,38.86008109020193,2.3645928050169402,5.785864187229378,2.49479797073968,0.05465120222517888,0.09993944142162256,0.9929408330111038,2.3079266863776597,0.14588266752077816,PASS,"173,175,177,179,181,183,185,187,189,191,193,195,197,199,201,203"
plantview__langdon_4__05-03-24,2,231,16,7.433697338823153,7.7999500149695695,11.581574348011054,179.5568229263754,38.86008109020193,2.237204175599707,5.938705766698808,3.0683043472634455,0.048441151930395596,0.09871211240123814,0.9865247901415832,2.137079290570337,0.13578314058528423,PASS,"231,233,235,237,239,241,243,245,247,249,251,253,255,257,259,261"
plantview__langdon_4__05-03-24,4,0,16,7.433697338823153,7.7999500149695695,11.581574348011054,179.5568229263754,38.86008109020193,3.784776583110174,6.776685278526725,4.2179159845862095,0.05265327101509304,0.09656935669039758,0.994033181471366,3.9432289088899704,0.09436475155413412,PASS,"0,4,8,12,16,20,24,28,32,36,40,44,48,52,56,60"
plantview__langdon_4__05-03-24,4,51,16,7.433697338823153,7.7999500149695695,11.581574348011054,179.5568229263754,38.86008109020193,0.8280354067210067,3.3654340974952923,1.256474644898393,0.0325859765475979,0.047388415961945554,0.9987666111520466,1.6103865157801853,0.06351910678418418,PASS,"51,55,59,63,67,71,75,79,83,87,91,95,99,103,107,111"
plantview__langdon_4__05-03-24,4,103,16,7.433697338823153,7.7999500149695695,11.581574348011054,179.5568229263754,38.86008109020193,1.1001200647264628,2.6201516609005475,1.0677720988641901,0.035673365221929265,0.058372759032389074,0.9984029719807516,0.84660335810056,0.05774112612607259,PASS,"103,107,111,115,119,123,127,131,135,139,143,147,151,155,159,163"
plantview__langdon_4__05-03-24,4,155,16,7.433697338823153,7.7999500149695695,11.581574348011054,179.5568229263754,38.86008109020193,2.7656872813511546,4.915020260193608,3.2420604410510547,0.04998863099746745,0.07353134591260427,0.9956400759421332,3.659089333444988,0.08726933526192268,PASS,"155,159,163,167,171,175,179,183,187,191,195,199,203,207,211,215"
plantview__langdon_4__05-03-24,4,207,16,7.433697338823153,7.7999500149695695,11.581574348011054,179.5568229263754,38.86008109020193,1.7068163719817597,3.6067677990348193,1.7675880530399728,0.042118049753871886,0.06086410844780568,0.9985054128228706,2.122272927956646,0.0664673577342877,PASS,"207,211,215,219,223,227,231,235,239,243,247,251,255,259,263,267"
plantview__langdon_4__05-03-24,6,0,16,7.433697338823153,7.7999500149695695,11.581574348011054,179.5568229263754,38.86008109020193,4.37103694169453,5.252451897209455,3.9476807225512713,0.049608546967574545,0.09764908857117015,0.9951656127373366,5.346011331195442,0.08881201759630743,PASS,"0,6,12,18,24,30,36,42,48,54,60,66,72,78,84,90"
plantview__langdon_4__05-03-24,6,45,16,7.433697338823153,7.7999500149695695,11.581574348011054,179.5568229263754,38.86008109020193,0.21172728050358278,3.8074833370079926,1.3995357949607965,0.03465401503333019,0.06494412342309362,0.9987685510302472,1.8156122591727908,0.052149458796310055,PASS,"45,51,57,63,69,75,81,87,93,99,105,111,117,123,129,135"
plantview__langdon_4__05-03-24,6,91,16,7.433697338823153,7.7999500149695695,11.581574348011054,179.5568229263754,38.86008109020193,0.664241830805365,2.741039904159798,1.1226244987475074,0.03387534043701437,0.06124643458147642,0.9982804923875276,1.1025535829901494,0.05976705590332142,PASS,"91,97,103,109,115,121,127,133,139,145,151,157,163,169,175,181"
plantview__langdon_4__05-03-24,6,137,16,7.433697338823153,7.7999500149695695,11.581574348011054,179.5568229263754,38.86008109020193,1.5501614700521849,4.061221531649308,1.8327513201751335,0.04661996298825062,0.08611124542500173,0.9958451963285829,1.7312829178957476,0.07602453842881318,PASS,"137,143,149,155,161,167,173,179,185,191,197,203,209,215,221,227"
plantview__langdon_4__05-03-24,6,183,16,7.433697338823153,7.7999500149695695,11.581574348011054,179.5568229263754,38.86008109020193,2.1322994692867807,4.299513499484427,2.000430753014996,0.03998725636620423,0.06519753477840587,0.9991104181841668,2.772758126306459,0.05402626600309421,PASS,"183,189,195,201,207,213,219,225,231,237,243,249,255,261,267,273"
plantview__langdon_4__05-03-24,8,0,16,7.433697338823153,7.7999500149695695,11.581574348011054,179.5568229263754,38.86008109020193,2.832174962708497,4.7695786018897595,3.223295897216615,0.05360450558832201,0.12684830914600143,0.9958988928967305,4.426236276153053,0.08050923947826873,PASS,"0,8,16,24,32,40,48,56,64,72,80,88,96,104,112,120"
plantview__langdon_4__05-03-24,8,39,16,7.433697338823153,7.7999500149695695,11.581574348011054,179.5568229263754,38.86008109020193,1.1745953707796168,4.199575972669888,1.7910043484336373,0.03609467949827462,0.06343157771448146,0.9990865457820381,2.4366423226808824,0.04311155313932905,PASS,"39,47,55,63,71,79,87,95,103,111,119,127,135,143,151,159"
plantview__langdon_4__05-03-24,8,79,16,7.433697338823153,7.7999500149695695,11.581574348011054,179.5568229263754,38.86008109020193,0.7617638039111494,4.092494961708557,1.58458231976706,0.038464708431231245,0.06067905484617987,0.9990653004954277,1.7711073216069964,0.04445891647636926,PASS,"79,87,95,103,111,119,127,135,143,151,159,167,175,183,191,199"
plantview__langdon_4__05-03-24,8,119,16,7.433697338823153,7.7999500149695695,11.581574348011054,179.5568229263754,38.86008109020193,1.0000844178436505,3.137939152884103,1.5496661477132756,0.03664901273148749,0.07002874730617496,0.998878566862943,1.791410439169636,0.061035915192661834,PASS,"119,127,135,143,151,159,167,175,183,191,199,207,215,223,231,239"
plantview__langdon_4__05-03-24,8,159,16,7.433697338823153,7.7999500149695695,11.581574348011054,179.5568229263754,38.86008109020193,2.4301565704332075,3.7437620108690086,2.253244103086434,0.03599829030657124,0.06754611496583167,0.9986966310035782,3.253404653248276,0.05408641657373152,PASS,"159,167,175,183,191,199,207,215,223,231,239,247,255,263,271,279"
plantview__langdon_4__05-03-24,10,0,16,7.433697338823153,7.7999500149695695,11.581574348011054,179.5568229263754,38.86008109020193,2.8313057808979694,4.983123366732043,2.9097167276144438,0.05082424641930844,0.06923190368399762,0.9976880325357345,4.147410952361877,0.07176922051133337,PASS,"0,10,20,30,40,50,60,70,80,90,100,110,120,130,140,150"
plantview__langdon_4__05-03-24,10,33,16,7.433697338823153,7.7999500149695695,11.581574348011054,179.5568229263754,38.86008109020193,2.5572864002428477,4.48639923233887,2.4719216145497658,0.055801099526498005,0.07854845679775496,0.9962438984652411,3.664367504564223,0.0821331859102579,PASS,"33,43,53,63,73,83,93,103,113,123,133,143,153,163,173,183"
plantview__langdon_4__05-03-24,10,67,16,7.433697338823153,7.7999500149695695,11.581574348011054,179.5568229263754,38.86008109020193,2.889290847090819,4.57151490797809,2.663812426415439,0.035872412664114436,0.052981154416653624,0.9988980966289777,3.4288601755801738,0.04731603689461537,PASS,"67,77,87,97,107,117,127,137,147,157,167,177,187,197,207,217"
plantview__langdon_4__05-03-24,10,101,16,7.433697338823153,7.7999500149695695,11.581574348011054,179.5568229263754,38.86008109020193,1.0253614741276114,3.5754935410757573,1.4070853016636722,0.03100742963934236,0.0703482078294812,0.998600719618354,1.8485430017697573,0.05854486951386719,PASS,"101,111,121,131,141,151,161,171,181,191,201,211,221,231,241,251"
plantview__langdon_4__05-03-24,10,135,16,7.433697338823153,7.7999500149695695,11.581574348011054,179.5568229263754,38.86008109020193,0.0,3.986243226290463,1.3388907573635005,0.03893391785381108,0.052539960402353994,0.9988858655115742,2.0844882590487703,0.06359112693269593,PASS,"135,145,155,165,175,185,195,205,215,225,235,245,255,265,275,285"
plantview__langdon_4__05-03-24,12,0,16,7.433697338823153,7.7999500149695695,11.581574348011054,179.5568229263754,38.86008109020193,3.0699194426733563,4.944214448498959,2.594168478960192,0.05109616050038819,0.0788284473120138,0.9962757509897512,3.738969037507038,0.08794234093414237,PASS,"0,12,24,36,48,60,72,84,96,108,120,132,144,156,168,180"
plantview__langdon_4__05-03-24,12,27,16,7.433697338823153,7.7999500149695695,11.581574348011054,179.5568229263754,38.86008109020193,1.1357265948350639,4.9572989426472915,1.8982515811577114,0.04016882955540167,0.06345029137079487,0.9981451912983489,2.4116113547453355,0.06457816467386458,PASS,"27,39,51,63,75,87,99,111,123,135,147,159,171,183,195,207"
plantview__langdon_4__05-03-24,12,55,16,7.433697338823153,7.7999500149695695,11.581574348011054,179.5568229263754,38.86008109020193,1.2426819874896808,3.8743724117571854,1.501717919553616,0.03701540785340042,0.056032846462666853,0.9987850434681599,1.89835782427542,0.05026542088775062,PASS,"55,67,79,91,103,115,127,139,151,163,175,187,199,211,223,235"
plantview__langdon_4__05-03-24,12,83,16,7.433697338823153,7.7999500149695695,11.581574348011054,179.5568229263754,38.86008109020193,0.9316502075407237,3.924347110965952,1.710832804114952,0.03672638947202338,0.05853713292053511,0.9980112326285556,2.2460383341607555,0.06046577280995411,PASS,"83,95,107,119,131,143,155,167,179,191,203,215,227,239,251,263"
plantview__langdon_4__05-03-24,12,111,16,7.433697338823153,7.7999500149695695,11.581574348011054,179.5568229263754,38.86008109020193,2.327201881871047,4.1184832092539025,2.1738346862540525,0.04236026446269259,0.0690653543007484,0.9978193016820692,2.6843465330493155,0.06765108733105617,PASS,"111,123,135,147,159,171,183,195,207,219,231,243,255,267,279,291"
plantview__langdon_4__05-03-24,16,0,16,7.433697338823153,7.7999500149695695,11.581574348011054,179.5568229263754,38.86008109020193,4.529365567816188,9.989615303138315,5.2092816248110285,0.07191711904571157,0.14697542424997007,0.9980275601346342,9.33510670416885,0.0847463300787351,PASS,"0,16,32,48,64,80,96,112,128,144,160,176,192,208,224,240"
plantview__langdon_4__05-03-24,16,15,16,7.433697338823153,7.7999500149695695,11.581574348011054,179.5568229263754,38.86008109020193,0.9734679858391144,3.4115153655916135,1.3230294585420528,0.03700648001272917,0.05206680119712791,0.9994127936641168,2.1445642412065484,0.03558914392824517,PASS,"15,31,47,63,79,95,111,127,143,159,175,191,207,223,239,255"
plantview__langdon_4__05-03-24,16,31,16,7.433697338823153,7.7999500149695695,11.581574348011054,179.5568229263754,38.86008109020193,7.435399179322136,12.83301476599664,8.024763254577374,0.08549251876029942,0.14554258498483374,0.9962622599802181,13.678173463390632,0.1091162442123806,PASS,"31,47,63,79,95,111,127,143,159,175,191,207,223,239,255,271"
plantview__langdon_4__05-03-24,16,47,16,7.433697338823153,7.7999500149695695,11.581574348011054,179.5568229263754,38.86008109020193,1.938844828171908,3.5101501571294538,2.0793501458357078,0.03476138860005509,0.04788018020776105,0.9994548194952723,3.1766614058501896,0.02988847637065014,PASS,"47,63,79,95,111,127,143,159,175,191,207,223,239,255,271,287"
plantview__langdon_4__05-03-24,16,63,16,7.433697338823153,7.7999500149695695,11.581574348011054,179.5568229263754,38.86008109020193,5.64125662794461,8.285809105552598,4.913979299254814,0.06158627999309136,0.10678782679845619,0.9985824851600246,7.970747978015087,0.07381648586866442,PASS,"63,79,95,111,127,143,159,175,191,207,223,239,255,271,287,303"
plantview__langdon_4__05-03-24,20,0,16,7.433697338823153,7.7999500149695695,11.581574348011054,179.5568229263754,38.86008109020193,1.0958694716487658,4.774399880926998,1.9847895067521706,0.04643188755827869,0.06508839511987438,0.9966843242020061,3.1674913564713596,0.08071332804091537,PASS,"0,20,40,60,80,100,120,140,160,180,200,220,240,260,280,300"
plantview__langdon_4__05-03-24,20,3,16,7.433697338823153,7.7999500149695695,11.581574348011054,179.5568229263754,38.86008109020193,1.4103886779147927,4.178082119683934,1.813368007002266,0.04453752851800796,0.07143496787808376,0.9969637037162075,2.601258596039701,0.07979335110101266,PASS,"3,23,43,63,83,103,123,143,163,183,203,223,243,263,283,303"
plantview__langdon_4__05-03-24,20,7,16,7.433697338823153,7.7999500149695695,11.581574348011054,179.5568229263754,38.86008109020193,0.12365975269830345,3.8862621160049873,1.2960967436434525,0.033466973597880666,0.06396999364115051,0.9980469191791628,1.8342073027226253,0.05768136247320818,PASS,"7,27,47,67,87,107,127,147,167,187,207,227,247,267,287,307"
plantview__langdon_4__05-03-24,20,11,16,7.433697338823153,7.7999500149695695,11.581574348011054,179.5568229263754,38.86008109020193,0.48787164654406945,4.324598895969244,1.4926739885069165,0.039223331895766,0.07094838822206258,0.997616680417077,2.1266224106301452,0.06647335809943064,PASS,"11,31,51,71,91,111,131,151,171,191,211,231,251,271,291,311"
plantview__langdon_4__05-03-24,20,15,16,7.433697338823153,7.7999500149695695,11.581574348011054,179.5568229263754,38.86008109020193,0.773763870931774,4.041480582865079,1.442554958709244,0.04857144201195428,0.07683667571511707,0.9959680512357227,1.8261211197334646,0.08800426663469364,PASS,"15,35,55,75,95,115,135,155,175,195,215,235,255,275,295,315"
wheat3dgs__plot_461,1,0,16,104.16315209427646,95.96491343374456,135.4055810009909,178.7108705607871,26.449876504897574,2.5138905121370922,5.7001172708150865,3.0773327351472948,0.12010977282079839,0.1776350918088574,0.9957191162801036,2.344797782770974,0.10349535084762426,PASS,"0,1,2,3,4,5,6,7,8,9,10,11,12,13,14,15"
wheat3dgs__plot_461,1,4,16,104.16315209427646,95.96491343374456,135.4055810009909,178.7108705607871,26.449876504897574,4.158848290521988,6.125796773869184,4.343935691718953,0.17185904156463128,0.26419998209869,0.9938286732323252,2.2666538520322415,0.1396341688796588,PASS,"4,5,6,7,8,9,10,11,12,13,14,15,16,17,18,19"
wheat3dgs__plot_461,1,8,16,104.16315209427646,95.96491343374456,135.4055810009909,178.7108705607871,26.449876504897574,2.7866436946687196,5.677503578733923,2.9675439851125844,0.11988134038322903,0.20183873288331233,0.9943624312734638,1.9950990726176951,0.140226660756315,PASS,"8,9,10,11,12,13,14,15,16,17,18,19,20,21,22,23"
wheat3dgs__plot_461,1,12,16,104.16315209427646,95.96491343374456,135.4055810009909,178.7108705607871,26.449876504897574,1.4599503661788444,3.3186937198788202,1.8251385592335991,0.10256136168183527,0.1722110567867436,0.9945427676773043,1.6597878374884967,0.11374562165955966,PASS,"12,13,14,15,16,17,18,19,20,21,22,23,24,25,26,27"
wheat3dgs__plot_461,1,16,16,104.16315209427646,95.96491343374456,135.4055810009909,178.7108705607871,26.449876504897574,2.8966926068030845,3.6450265459521725,2.8381368228863018,0.14937076770069718,0.27059827513995294,0.9927264287746687,2.3301681169724864,0.1475626202433676,PASS,"16,17,18,19,20,21,22,23,24,25,26,27,28,29,30,31"
wheat3dgs__plot_461,2,0,16,104.16315209427646,95.96491343374456,135.4055810009909,178.7108705607871,26.449876504897574,3.666485366827493,4.886855286417015,3.213160217542579,0.11959674483658303,0.1940921243456753,0.9869945859671572,1.9721417510912553,0.176847258211738,PASS,"0,2,4,6,8,10,12,14,16,18,20,22,24,26,28,30"
wheat3dgs__plot_461,2,1,16,104.16315209427646,95.96491343374456,135.4055810009909,178.7108705607871,26.449876504897574,3.342531752148787,4.213569857687592,2.9968880366986723,0.11940466858918361,0.18212784258183806,0.9878120620034166,1.7172327199620452,0.1770439418812318,PASS,"1,3,5,7,9,11,13,15,17,19,21,23,25,27,29,31"
wheat3dgs__plot_461,2,2,16,104.16315209427646,95.96491343374456,135.4055810009909,178.7108705607871,26.449876504897574,3.555037894739717,4.785175887052291,2.9167260632845706,0.12086703058615661,0.1597729379318461,0.9872747542771051,1.8490428652994726,0.1643210959019856,PASS,"2,4,6,8,10,12,14,16,18,20,22,24,26,28,30,32"
wheat3dgs__plot_461,2,3,16,104.16315209427646,95.96491343374456,135.4055810009909,178.7108705607871,26.449876504897574,3.537999728624748,4.1966710176260005,2.933037233724125,0.13860028335475286,0.17995008586000882,0.9797934932179478,1.8640709837032279,0.197515146445094,PASS,"3,5,7,9,11,13,15,17,19,21,23,25,27,29,31,33"
wheat3dgs__plot_461,2,4,16,104.16315209427646,95.96491343374456,135.4055810009909,178.7108705607871,26.449876504897574,3.2894071915237553,4.599520119731661,2.6569248495418387,0.14346559619512458,0.21212096869366473,0.9894112831423728,1.8249005584798874,0.17121274553632368,PASS,"4,6,8,10,12,14,16,18,20,22,24,26,28,30,32,34"
wheat3dgs__plot_467,1,0,16,103.10762084770212,96.51706895936908,134.07897278401595,178.86910707379153,26.045870416937163,2.391766439931879,5.484576094613392,2.929068356320668,0.1083426393480787,0.22971685234713732,0.9954012269432854,1.7214189271135154,0.11026016870807596,PASS,"0,1,2,3,4,5,6,7,8,9,10,11,12,13,14,15"
wheat3dgs__plot_467,1,4,16,103.10762084770212,96.51706895936908,134.07897278401595,178.86910707379153,26.045870416937163,3.742861775760507,4.981599261587993,3.6332592086300743,0.1830411766315786,0.29027776502001384,0.9913561166746188,1.7772247187606998,0.170537261987378,PASS,"4,5,6,7,8,9,10,11,12,13,14,15,16,17,18,19"
wheat3dgs__plot_467,1,8,16,103.10762084770212,96.51706895936908,134.07897278401595,178.86910707379153,26.045870416937163,2.905203803993738,4.471042127944839,2.6183451237581883,0.15250579559828142,0.2524926873084559,0.9875388383139216,1.7145303888131591,0.19104437529063362,PASS,"8,9,10,11,12,13,14,15,16,17,18,19,20,21,22,23"
wheat3dgs__plot_467,1,12,16,103.10762084770212,96.51706895936908,134.07897278401595,178.86910707379153,26.045870416937163,1.3886482445045023,3.1859714766147795,1.810236729526396,0.10306514287883138,0.1705496324339859,0.993521297815109,1.6112990625641181,0.12564703956577447,PASS,"12,13,14,15,16,17,18,19,20,21,22,23,24,25,26,27"
wheat3dgs__plot_467,1,16,16,103.10762084770212,96.51706895936908,134.07897278401595,178.86910707379153,26.045870416937163,2.23355831017808,2.7484811894327006,2.1827973462901538,0.11675539558493708,0.19953089341739752,0.992450165434411,1.8542825549741158,0.1456960890005824,PASS,"16,17,18,19,20,21,22,23,24,25,26,27,28,29,30,31"
wheat3dgs__plot_467,2,0,16,103.10762084770212,96.51706895936908,134.07897278401595,178.86910707379153,26.045870416937163,3.200409500736281,4.2236360997882585,2.873922207623965,0.10195180831553101,0.18461795691012944,0.9913833702244071,1.892714988846928,0.19616733171398298,PASS,"0,2,4,6,8,10,12,14,16,18,20,22,24,26,28,30"
wheat3dgs__plot_467,2,1,16,103.10762084770212,96.51706895936908,134.07897278401595,178.86910707379153,26.045870416937163,2.9249354356665975,3.5323625619786654,2.533165565737921,0.09236494343473,0.17723174667360037,0.9906442135754963,1.356102851558284,0.15865998341800516,PASS,"1,3,5,7,9,11,13,15,17,19,21,23,25,27,29,31"
wheat3dgs__plot_467,2,2,16,103.10762084770212,96.51706895936908,134.07897278401595,178.86910707379153,26.045870416937163,3.0860841029506902,4.228597114931103,2.7608386430391225,0.11799046882918615,0.18856649986979096,0.993565435551197,1.7274051800742043,0.1995357133159178,PASS,"2,4,6,8,10,12,14,16,18,20,22,24,26,28,30,32"
wheat3dgs__plot_467,2,3,16,103.10762084770212,96.51706895936908,134.07897278401595,178.86910707379153,26.045870416937163,3.1071668231174705,3.720996649131791,2.4939523522625935,0.10390937758097929,0.22928061567193528,0.9877536520841877,1.661327102788014,0.18158978445471183,PASS,"3,5,7,9,11,13,15,17,19,21,23,25,27,29,31,33"
wheat3dgs__plot_467,2,4,16,103.10762084770212,96.51706895936908,134.07897278401595,178.86910707379153,26.045870416937163,3.0232956146175987,3.8525590522386945,2.548718757139451,0.12924172381220153,0.212927451482355,0.9935107369490409,1.6148637818519618,0.19131214434971236,PASS,"4,6,8,10,12,14,16,18,20,22,24,26,28,30,32,34"
mustc__plot198__230613__ugv__pos00,1,0,16,42.980109034754015,50.11312792736137,59.83844218309902,171.3542309941796,29.39030556669157,1.7885365798497956,4.087153183558676,1.8903208241927345,0.06901223971007964,0.1525020761578304,0.9952474036814014,2.3736457303521945,0.1258335817753353,PASS,"0,1,2,3,4,5,6,7,8,9,10,11,12,13,14,15"
mustc__plot198__230613__ugv__pos00,1,1,16,42.980109034754015,50.11312792736137,59.83844218309902,171.3542309941796,29.39030556669157,1.0452523930392617,4.683861999061263,1.8393270182179227,0.10372433084909626,0.25419141988676486,0.9913960545005812,2.633263828452257,0.18193628032000406,PASS,"1,2,3,4,5,6,7,8,9,10,11,12,13,14,15,16"
mustc__plot198__230613__ugv__pos00,1,2,16,42.980109034754015,50.11312792736137,59.83844218309902,171.3542309941796,29.39030556669157,3.5955196352630723,7.396445851209366,5.910374845037444,0.1912103059982507,0.37513444386611294,0.8923606473511225,8.658688302871138,0.3569043211787386,PASS,"2,3,4,5,6,7,8,9,10,11,12,13,14,15,16,17"
mustc__plot198__230613__ugv__pos00,1,3,16,42.980109034754015,50.11312792736137,59.83844218309902,171.3542309941796,29.39030556669157,1.5939429383568464,4.098487619348872,1.911464656139029,0.054213750182263876,0.11852116992746392,0.9924037509146406,2.5039843421991947,0.13270259123756442,PASS,"3,4,5,6,7,8,9,10,11,12,13,14,15,16,17,18"
