sequence,pilot_index,original_index,filename,auto_absrel,auto_rmse,auto_scale,calK_absrel,calK_rmse,calK_scale,delta_absrel,delta_rmse,calK_wins_absrel,calK_wins_rmse
plantview__langdon_4__05-03-24,0,0,0000_eval.png,0.3255880022790903,0.3875005124614606,0.8061231691105009,0.33279092459545856,0.3943497301778495,0.7934145535675924,0.007202922316368265,0.006849217716388911,0,0
plantview__langdon_4__05-03-24,1,16,0016_eval.png,0.5006582173059047,0.5161652943990084,0.6677867735556818,0.5559613307988853,0.5666413159209055,0.6377673063363335,0.05530311349298067,0.05047602152189712,0,0
plantview__langdon_4__05-03-24,2,32,0032_eval.png,0.9937147211104149,1.1875898860103706,0.5678926498080898,1.0722664697821387,1.2818470740742032,0.5460504800220382,0.07855174867172376,0.09425718806383254,0,0
plantview__langdon_4__05-03-24,3,48,0048_eval.png,0.41530512911648065,0.42010094262039077,0.7245337107786226,0.46941952390304803,0.46553267843736695,0.6910196560536046,0.05411439478656738,0.04543173581697618,0,0
plantview__langdon_4__05-03-24,4,64,0064_eval.png,0.2329623691964309,0.3131018213804954,1.0568178647107829,0.2340969867729385,0.3255737435943714,1.020437207967361,0.001134617576507596,0.012471922213875997,0,0
plantview__langdon_4__05-03-24,5,80,0080_eval.png,0.5932151446099921,0.8037825013801819,0.6151169626366245,0.6589681527785778,0.8466920401578117,0.586302037022029,0.06575300816858565,0.04290953877762982,0,0
plantview__langdon_4__05-03-24,6,96,0096_eval.png,0.24163614933336117,0.34290028307432274,1.2238267226199675,0.24233267869190714,0.32533117326346284,1.182090393245457,0.000696529358545972,-0.017569109810859906,0,1
plantview__langdon_4__05-03-24,7,112,0112_eval.png,0.5860552358186595,0.5667876882356059,0.627204374220338,0.6628279059793096,0.6376340657245153,0.5938666095835808,0.07677267016065015,0.07084637748890943,0,0
plantview__langdon_4__05-03-24,8,128,0128_eval.png,0.29305920818641723,0.5126715282900705,1.554473912954137,0.2917342314198134,0.5107722027689566,1.5509389480813673,-0.0013249767666038137,-0.001899325521113826,1,1
plantview__langdon_4__05-03-24,9,144,0144_eval.png,0.1544919312374902,0.25963817688135626,0.9675034683389577,0.19131699910199343,0.2636314108738089,0.9212186132256645,0.036825067864503236,0.0039932339924526605,0,0
plantview__langdon_4__05-03-24,10,160,0160_eval.png,0.2406790171343586,0.327871985666841,1.0065637094553737,0.261197043169748,0.3600828555011674,0.9756483014922611,0.02051802603538941,0.03221086983432642,0,0
plantview__langdon_4__05-03-24,11,176,0176_eval.png,0.24145990737628228,0.2869123746159431,0.861736475342697,0.276272309522358,0.3060589035597323,0.8276350874083692,0.0348124021460757,0.01914652894378921,0,0
plantview__langdon_4__05-03-24,12,192,0192_eval.png,0.23077957349267134,0.34204054545395146,0.9734354978041935,0.2612441575237065,0.3868730762935217,0.9392031948138,0.030464584031035163,0.04483253083957023,0,0
plantview__langdon_4__05-03-24,13,208,0208_eval.png,0.37740821337762204,0.3892238297623545,0.7489988043501804,0.4490308726725606,0.45247433016655236,0.7014962088920023,0.07162265929493855,0.06325050040419788,0,0
plantview__langdon_4__05-03-24,14,224,0224_eval.png,0.8895229337703946,1.1702111742348589,0.6185022754723323,1.018369634509499,1.3375319197454114,0.5781205224933863,0.12884670073910443,0.16732074551055254,0,0
plantview__langdon_4__05-03-24,15,240,0240_eval.png,0.5694032394564565,0.5555616494354124,0.6253547435353048,0.6255508968320277,0.6100183533290177,0.6010210846011877,0.05614765737557115,0.05445670389360524,0,0
plantview__langdon_4__05-03-24,16,256,0256_eval.png,0.7644973655255407,0.9371155035971708,0.563459595388652,0.879812068629344,1.0758234974675887,0.5295324816245867,0.11531470310380332,0.13870799387041788,0,0
plantview__langdon_4__05-03-24,17,272,0272_eval.png,0.9316993216135334,0.9011932474551649,0.4984860833554424,1.0157918371104713,0.9809739132155297,0.4781705048157539,0.08409251549693786,0.0797806657603648,0,0
plantview__langdon_4__05-03-24,18,288,0288_eval.png,0.4825588872477135,0.59402227440027,0.6549224710341255,0.5424173211255678,0.6577317990594923,0.6299231079112037,0.05985843387785433,0.0637095246592223,0,0
plantview__langdon_4__05-03-24,19,304,0304_eval.png,0.6402341745605453,0.6548937412050148,0.6036249253805054,0.7213556276940383,0.7351844097478865,0.5725295564258132,0.08112145313349295,0.0802906685428717,0,0
plantview__langdon_4__12-03-24,0,0,0000_eval.png,0.6150390434816362,0.9978345444707483,3.1670847167058116,0.6146723312600619,0.9978031846316997,3.163104239151827,-0.0003667122215742502,-3.135983904856143e-05,1,1
plantview__langdon_4__12-03-24,1,16,0016_eval.png,0.4351732588676442,0.5742235901180802,0.698991664842176,0.4935595019766188,0.627945707476544,0.665891797692759,0.05838624310897461,0.05372211735846377,0,0
plantview__langdon_4__12-03-24,2,32,0032_eval.png,0.5376642268635907,0.8862999098403015,2.469071121177825,0.5597717480892926,0.913446242676124,2.5917018012485706,0.02210752122570192,0.027146332835822462,0,0
plantview__langdon_4__12-03-24,3,48,0048_eval.png,0.4110183886269682,0.4564582452136658,0.722580480715674,0.4702697356880486,0.51604539952814,0.687130220691703,0.05925134706108037,0.0595871543144742,0,0
plantview__langdon_4__12-03-24,4,64,0064_eval.png,0.34108368713031245,0.6880397763281382,1.781507928500813,0.3276856906893739,0.6674955855125265,1.733817069977851,-0.013397996440938531,-0.02054419081561165,1,1
plantview__langdon_4__12-03-24,5,80,0080_eval.png,0.5713307451090209,0.634860391881316,0.6381590776276393,0.6395771733093105,0.7104893246833272,0.6064221567071366,0.06824642820028959,0.0756289328020111,0,0
plantview__langdon_4__12-03-24,6,96,0096_eval.png,0.3680860462174027,0.7004619780527724,1.8563716352581991,0.353440639734858,0.6765555098797607,1.8032258791007474,-0.014645406482544698,-0.023906468173011786,1,1
plantview__langdon_4__12-03-24,7,112,0112_eval.png,0.6837865390127927,0.7657645663991204,0.5987680765619094,0.7652694599370418,0.8537737609581942,0.5686203781934213,0.08148292092424902,0.08800919455907386,0,0
plantview__langdon_4__12-03-24,8,128,0128_eval.png,0.4283680953276977,0.8022393124171494,2.0776466857306586,0.4096113616669162,0.7736631946895295,2.0035901709703325,-0.01875673366078151,-0.02857611772761992,1,1
plantview__langdon_4__12-03-24,9,144,0144_eval.png,0.5687839470491961,0.6318218810523183,0.6470835079739296,0.6452269327631878,0.7151520501738411,0.6141652186487374,0.07644298571399166,0.0833301691215228,0,0
plantview__langdon_4__12-03-24,10,160,0160_eval.png,0.4036817521390394,0.7427109211736411,1.9720155077983248,0.3845732979555347,0.7161934305942294,1.906144672861534,-0.01910845418350471,-0.026517490579411773,1,1
plantview__langdon_4__12-03-24,11,176,0176_eval.png,0.535178259538553,0.5957610613951648,0.655601494462158,0.5957279838945326,0.6626185891102875,0.6277750271654162,0.060549724355979606,0.06685752771512266,0,0
plantview__langdon_4__12-03-24,12,192,0192_eval.png,0.33496490883540914,0.6483734316389602,1.7887278938349171,0.3193847012221783,0.6213396793508614,1.7318971004995745,-0.015580207613230812,-0.02703375228809879,1,1
plantview__langdon_4__12-03-24,13,208,0208_eval.png,0.6827073686160136,0.7509240000439386,0.5901905937374289,0.757652236197411,0.8319585851643045,0.5625062665779471,0.0749448675813974,0.08103458512036599,0,0
plantview__langdon_4__12-03-24,14,224,0224_eval.png,0.2828570555774545,0.5390952359344032,1.57169635451111,0.27950653907992934,0.5260296124787447,1.5446236962106323,-0.003350516497525158,-0.013065623455658537,1,1
plantview__langdon_4__12-03-24,15,240,0240_eval.png,0.7570232477554869,0.8203103534975248,0.559537289859013,0.84140196171984,0.9107505906260885,0.5304907680563766,0.08437871396435315,0.09044023712856375,0,0
plantview__langdon_4__12-03-24,16,256,0256_eval.png,0.28142414185385056,0.5529276773409858,1.5790320515485345,0.27650796425024077,0.5338703235900918,1.5422533953142699,-0.004916177603609795,-0.019057353750894013,1,1
plantview__langdon_4__12-03-24,17,272,0272_eval.png,0.6696906005191102,0.7209894548399248,0.5969462666461707,0.74485458627535,0.7995741496630575,0.566839942391733,0.07516398575623973,0.07858469482313268,0,0
plantview__langdon_4__12-03-24,18,288,0288_eval.png,0.654350368353471,1.0758639427948047,3.630242119594915,0.6598043129702712,1.0832059105515186,3.687461410308728,0.005453944616800155,0.0073419677567139185,0,0
plantview__langdon_4__12-03-24,19,304,0304_eval.png,0.39618188545383726,0.4413995833883617,0.7297371794874489,0.4586960311415938,0.5031357422373871,0.6918980229661262,0.06251414568775654,0.06173615884902539,0,0
plantview__langdon_4__13-02-24,0,0,0000_eval.png,0.21806869076876043,0.31928649425251154,1.2581505745850445,0.20752497589873425,0.29325122834087713,1.2126314619642442,-0.010543714870026172,-0.02603526591163441,1,1
plantview__langdon_4__13-02-24,1,16,0016_eval.png,0.3873043648143237,0.3729376284117145,0.7372558391176167,0.4329080025834131,0.3914668945993315,0.7019814410599565,0.04560363776908943,0.018529266187616966,0,0
plantview__langdon_4__13-02-24,2,32,0032_eval.png,0.5598924308296188,0.7548210527145461,2.4525361867071074,0.5768837313010656,0.7753816187827809,2.5421248824794276,0.016991300471446813,0.020560566068234754,0,0
plantview__langdon_4__13-02-24,3,48,0048_eval.png,0.43347670857022175,0.39175897359933787,0.730338311279715,0.49548545385540665,0.4323874071328632,0.6866347085996541,0.06200874528518491,0.040628433533525354,0,0
plantview__langdon_4__13-02-24,4,64,0064_eval.png,0.37820652563697577,0.5246377947688831,1.7651116299196679,0.3754706656966094,0.5213804977020972,1.7565739786393855,-0.0027358599403663475,-0.0032572970667859025,1,1
plantview__langdon_4__13-02-24,5,80,0080_eval.png,0.23385877349426984,0.25395338408267315,0.8645875939923741,0.2886652987406325,0.28099997877838273,0.8167426713476498,0.054806525246362675,0.02704659469570958,0,0
plantview__langdon_4__13-02-24,6,96,0096_eval.png,0.39287133691346376,0.5224779821246985,1.805594336501188,0.39639676158580267,0.5265451378858458,1.8182046362449,0.003525424672338906,0.004067155761147245,0,0
plantview__langdon_4__13-02-24,7,112,0112_eval.png,0.2675749002234644,0.2584371775933274,0.8092301597945637,0.3232097964557206,0.30230589080066633,0.7665750143290988,0.055634896232256204,0.04386871320733893,0,0
plantview__langdon_4__13-02-24,8,128,0128_eval.png,0.22553270221710361,0.27294754700774054,0.8616383281747176,0.2793199125097379,0.3204114880964165,0.8152634046756565,0.05378721029263431,0.047463941088675965,0,0
plantview__langdon_4__13-02-24,9,144,0144_eval.png,0.18210293398594632,0.22774010387760815,0.8842145511288396,0.24770677672222527,0.279814147534717,0.8221365991248154,0.06560384273627895,0.052074043657108854,0,0
plantview__langdon_4__13-02-24,10,160,0160_eval.png,0.3348931090203982,0.3322573032168472,0.757652629758552,0.4088649723203512,0.4007204880378879,0.7141967665504177,0.07397186329995298,0.06846318482104069,0,0
plantview__langdon_4__13-02-24,11,176,0176_eval.png,0.20624294121843212,0.2923687683234273,0.8628279906661352,0.2577523262937175,0.3425550129137113,0.8180969741463455,0.05150938507528541,0.050186244590284035,0,0
plantview__langdon_4__13-02-24,12,192,0192_eval.png,0.2778373698678394,0.2754588420756151,0.8033254529423922,0.3466322826787021,0.33308598771562914,0.7536126104200317,0.0687949128108627,0.05762714564001403,0,0
plantview__langdon_4__13-02-24,13,208,0208_eval.png,0.12459694038040359,0.20007119228761588,0.9951986768985548,0.15500899002891413,0.2207085166776901,0.944012498521116,0.030412049648510547,0.020637324390074208,0,0
plantview__langdon_4__13-02-24,14,224,0224_eval.png,0.38012446078779655,0.33880621253426313,0.7286240995607252,0.41494990448793506,0.36741370093525305,0.7060539215918478,0.034825443700138514,0.028607488400989922,0,0
plantview__langdon_4__13-02-24,15,240,0240_eval.png,0.2748310207670373,0.4078134845982317,1.4100838553062116,0.252050191700667,0.3797471183462968,1.3639725799269793,-0.0227808290663703,-0.02806636625193487,1,1
plantview__langdon_4__13-02-24,16,256,0256_eval.png,0.46204326336683477,0.38915987902777033,0.6863084782910039,0.48007808262203827,0.4021984050247325,0.6744259568996355,0.018034819255203505,0.013038525996962147,0,0
plantview__langdon_4__13-02-24,17,272,0272_eval.png,0.5564293158158663,0.7670715049110979,2.4332126286811655,0.5731474609417171,0.7885221515806035,2.5339239828747813,0.016718145125850792,0.02145064666950558,0,0
plantview__langdon_4__13-02-24,18,288,0288_eval.png,0.5243422234099739,0.595386444318169,0.6641132340147099,0.5821052784846177,0.6218795433532716,0.6319352392536336,0.05776305507464374,0.026493099035102552,0,0
plantview__langdon_4__13-02-24,19,304,0304_eval.png,0.5213815866123848,0.7322506308340698,2.169828365652531,0.5489779167466852,0.7663866467483116,2.297607411123682,0.027596330134300406,0.03413601591424176,0,0
plantview__langdon_4__20-02-24,0,0,0000_eval.png,0.3597088012515795,0.41388618815440875,0.9258338497989539,0.39197998190578204,0.44789066595591825,0.8930014207916993,0.032271180654202536,0.0340044778015095,0,0
plantview__langdon_4__20-02-24,1,16,0018_train.png,0.5252258885215113,0.45020810181651755,0.6449365573014892,0.5873511376489827,0.5013730857452076,0.6143205633591695,0.062125249127471416,0.05116498392869001,0,0
plantview__langdon_4__20-02-24,2,32,0034_train.png,0.31406460223571125,0.4569435036801842,1.4882728089170496,0.3136175959297168,0.44461327886221147,1.4579036296730667,-0.00044700630599447955,-0.012330224817972746,1,1
plantview__langdon_4__20-02-24,3,48,0050_train.png,0.669098886777446,0.5469770297174921,0.5925359777295827,0.7510730062801234,0.6091035081342404,0.5612683847004827,0.08197411950267741,0.06212647841674834,0,0
plantview__langdon_4__20-02-24,4,64,0066_train.png,0.30939295356738417,0.5098541711730844,1.3231877620753802,0.30221982401718117,0.48512673744923973,1.2587142157245967,-0.007173129550202995,-0.024727433723844672,1,1
plantview__langdon_4__20-02-24,5,80,0082_train.png,0.6452580015263737,0.5580224033722009,0.6075374756449851,0.7092425497790221,0.6124470124969311,0.5803912109961937,0.06398454825264843,0.05442460912473024,0,0
plantview__langdon_4__20-02-24,6,96,0098_train.png,0.2625085941739392,0.40750962489115605,1.2935041372364537,0.24870401002423456,0.3765320618944061,1.2336421491154599,-0.013804584149704618,-0.030977562996749974,1,1
plantview__langdon_4__20-02-24,7,112,0114_train.png,0.5406085757327173,0.4826494291621234,0.6318253406876106,0.6043562137279295,0.5383676789070658,0.6039860942090209,0.06374763799521221,0.05571824974494244,0,0
plantview__langdon_4__20-02-24,8,128,0130_train.png,0.238632252055751,0.3371619140932027,0.9203633637582473,0.27269861985741295,0.35031707084629693,0.8791524413023646,0.034066367801661945,0.013155156753094255,0,0
plantview__langdon_4__20-02-24,9,144,0146_train.png,0.45234785465643684,0.42490848952752075,0.7040548634232391,0.502612677156234,0.46950378857831676,0.67471269391202,0.05026482249979719,0.04459529905079601,0,0
plantview__langdon_4__20-02-24,10,160,0162_train.png,0.5161269289246769,1.3740973497834055,0.6920346419410717,0.5853873585565266,1.401536555688585,0.6568489513640362,0.06926042963184964,0.027439205905179564,0,0
plantview__langdon_4__20-02-24,11,176,0178_train.png,0.46448183441916363,0.501438391746438,0.6861798706375568,0.5249105311554042,0.5678443061451728,0.652597730228892,0.06042869673624057,0.06640591439873478,0,0
plantview__langdon_4__20-02-24,12,192,0194_train.png,0.5396974726742229,0.5240485569645827,0.6448965882595074,0.6050386380577583,0.5892981989829338,0.6120587176928981,0.0653411653835354,0.06524964201835104,0,0
plantview__langdon_4__20-02-24,13,208,0210_train.png,0.30905267432565336,0.4252752272937524,0.8341976366662542,0.3535096226654795,0.45884453662555785,0.7866661058614547,0.04445694833982611,0.033569309331805464,0,0
plantview__langdon_4__20-02-24,14,224,0226_train.png,0.3828546390979011,0.7210186050892562,0.7346638662055647,0.4444401466583213,0.7478254816005026,0.6929846593595321,0.06158550756042025,0.026806876511246358,0,0
plantview__langdon_4__20-02-24,15,240,0242_train.png,0.21682967467371686,0.3708963421895947,1.0189847932207057,0.2314870726648082,0.3620329730265208,0.9798020956422802,0.014657397991091337,-0.008863369163073898,0,1
plantview__langdon_4__20-02-24,16,256,0258_train.png,0.6958188451236776,0.6389202569889777,0.5795631124487842,0.7337696008022268,0.668808681810048,0.5659977340056835,0.03795075567854911,0.029888424821070347,0,0
plantview__langdon_4__20-02-24,17,272,0274_train.png,0.4132746252973857,0.6049995246960742,1.8655450731701506,0.428661905875244,0.6258851234150676,1.9285827554559554,0.01538728057785832,0.020885598718993426,0,0
plantview__langdon_4__20-02-24,18,288,0290_train.png,0.6011984045017635,0.5098247328769882,0.5965113038426857,0.6552897518946,0.5552318297902026,0.5732383565561057,0.0540913473928365,0.04540709691321443,0,0
plantview__langdon_4__20-02-24,19,304,0306_train.png,0.2858326544634914,0.7327276825817651,1.2633100202033396,0.281787863547571,0.7248384101190318,1.2236659012554318,-0.00404479091592036,-0.007889272462733299,1,1
