sequence,pilot_index,original_index,filename,raw_absrel,raw_mae_m,raw_rmse_m,raw_delta1,scale_ratio,aligned_absrel,aligned_rmse_m,auto_raw_absrel,auto_raw_rmse_m,auto_scale_ratio
plantview__langdon_4__05-03-24,0,0,0000_eval.png,0.33279092459545856,0.3496445267794168,0.3943497301778495,0.11367252614032429,0.7934145535675924,0.23669649219924607,0.3813452541839443,0.3255880022790903,0.3875005124614606,0.8061231691105009
plantview__langdon_4__05-03-24,1,16,0016_eval.png,0.5559613307988853,0.5306303148075235,0.5666413159209055,0.07000561049749203,0.6377673063363335,0.17571428425034474,0.35879174276312825,0.5006582173059047,0.5161652943990084,0.6677867735556818
plantview__langdon_4__05-03-24,2,32,0032_eval.png,1.0722664697821387,1.2420661532068442,1.2818470740742032,0.0,0.5460504800220382,0.2661719155749132,0.33335307739539927,0.9937147211104149,1.1875898860103706,0.5678926498080898
plantview__langdon_4__05-03-24,3,48,0048_eval.png,0.46941952390304803,0.44308059540253875,0.46553267843736695,0.03978339745109122,0.6910196560536046,0.13812092836362658,0.300194137742461,0.41530512911648065,0.42010094262039077,0.7245337107786226
plantview__langdon_4__05-03-24,4,64,0064_eval.png,0.2340969867729385,0.26181739881920335,0.3255737435943714,0.3866292660121552,1.020437207967361,0.23758305059769544,0.33855335241311674,0.2329623691964309,0.3131018213804954,1.0568178647107829
plantview__langdon_4__05-03-24,5,80,0080_eval.png,0.6589681527785778,0.6136751185488704,0.8466920401578117,0.05142893113433212,0.586302037022029,0.14065559540125197,0.6786508761224099,0.5932151446099921,0.8037825013801819,0.6151169626366245
plantview__langdon_4__05-03-24,6,96,0096_eval.png,0.24233267869190714,0.3031008572059526,0.32533117326346284,0.05122969499188711,1.182090393245457,0.26770215381633067,0.3407538385457182,0.24163614933336117,0.34290028307432274,1.2238267226199675
plantview__langdon_4__05-03-24,7,112,0112_eval.png,0.6628279059793096,0.5980849275477287,0.6376340657245153,0.08557563074480656,0.5938666095835808,0.15265297512791498,0.3398799744733475,0.5860552358186595,0.5667876882356059,0.627204374220338
plantview__langdon_4__05-03-24,8,128,0128_eval.png,0.2917342314198134,0.4375172895993203,0.5107722027689566,0.1923129680941538,1.5509389480813673,0.22814382889293472,0.3119823067818413,0.29305920818641723,0.5126715282900705,1.554473912954137
plantview__langdon_4__05-03-24,9,144,0144_eval.png,0.19131699910199343,0.2029018889563067,0.2636314108738089,0.29526654011598547,0.9212186132256645,0.13995917231849944,0.26276128924073555,0.1544919312374902,0.25963817688135626,0.9675034683389577
plantview__langdon_4__05-03-24,10,160,0160_eval.png,0.261197043169748,0.29066519291165394,0.3600828555011674,0.3318721854939159,0.9756483014922611,0.2470881607975229,0.3375660520705679,0.2406790171343586,0.327871985666841,1.0065637094553737
plantview__langdon_4__05-03-24,11,176,0176_eval.png,0.276272309522358,0.281264955930232,0.3060589035597323,0.05838431566141857,0.8276350874083692,0.14377196922995003,0.2756578243540051,0.24145990737628228,0.2869123746159431,0.861736475342697
plantview__langdon_4__05-03-24,12,192,0192_eval.png,0.2612441575237065,0.29864961744964885,0.3868730762935217,0.3860132297089967,0.9392031948138,0.21751020569803253,0.3195070395241267,0.23077957349267134,0.34204054545395146,0.9734354978041935
plantview__langdon_4__05-03-24,13,208,0208_eval.png,0.4490308726725606,0.4272838330884908,0.45247433016655236,0.07670274670606325,0.7014962088920023,0.16174224958738673,0.3089719663216471,0.37740821337762204,0.3892238297623545,0.7489988043501804
plantview__langdon_4__05-03-24,14,224,0224_eval.png,1.018369634509499,1.2984250623344367,1.3375319197454114,0.0,0.5781205224933863,0.22898071039024345,0.33680773422162186,0.8895229337703946,1.1702111742348589,0.6185022754723323
plantview__langdon_4__05-03-24,15,240,0240_eval.png,0.6255508968320277,0.5625258738577257,0.6100183533290177,0.126488905728291,0.6010210846011877,0.15642870278633164,0.29820229638340745,0.5694032394564565,0.5555616494354124,0.6253547435353048
plantview__langdon_4__05-03-24,16,256,0256_eval.png,0.879812068629344,1.0390437921956563,1.0758234974675887,0.0,0.5295324816245867,0.18971274601441235,0.28762437577937927,0.7644973655255407,0.9371155035971708,0.563459595388652
plantview__langdon_4__05-03-24,17,272,0272_eval.png,1.0157918371104713,0.9554094533409008,0.9809739132155297,0.0010111628372628523,0.4781705048157539,0.12227841032440813,0.2460730515003546,0.9316993216135334,0.9011932474551649,0.4984860833554424
plantview__langdon_4__05-03-24,18,288,0288_eval.png,0.5424173211255678,0.5888542251383861,0.6577317990594923,0.1082600656578997,0.6299231079112037,0.1921055289388831,0.3128263647903749,0.4825588872477135,0.59402227440027,0.6549224710341255
plantview__langdon_4__05-03-24,19,304,0304_eval.png,0.7213556276940383,0.6854463882169812,0.7351844097478865,0.07727198207552326,0.5725295564258132,0.1493285528749714,0.2972500674494283,0.6402341745605453,0.6548937412050148,0.6036249253805054
plantview__langdon_4__12-03-24,0,0,0000_eval.png,0.6146723312600619,0.925362535567031,0.9978031846316997,0.0,3.163104239151827,0.30789434756895506,0.41369444204876965,0.6150390434816362,0.9978345444707483,3.1670847167058116
plantview__langdon_4__12-03-24,1,16,0016_eval.png,0.4935595019766188,0.5150394141595664,0.627945707476544,0.10105620360551432,0.665891797692759,0.13753818279234611,0.4464573770004477,0.4351732588676442,0.5742235901180802,0.698991664842176
plantview__langdon_4__12-03-24,2,32,0032_eval.png,0.5597717480892926,0.8401295226428486,0.913446242676124,0.0010285264845569773,2.5917018012485706,0.27155181377189436,0.36030976081334154,0.5376642268635907,0.8862999098403015,2.469071121177825
plantview__langdon_4__12-03-24,3,48,0048_eval.png,0.4702697356880486,0.4873829397204811,0.51604539952814,0.04215544664401232,0.687130220691703,0.1415085353774576,0.2885835219750973,0.4110183886269682,0.4564582452136658,0.722580480715674
plantview__langdon_4__12-03-24,4,64,0064_eval.png,0.3276856906893739,0.540657435882631,0.6674955855125265,0.13361462728551335,1.733817069977851,0.2835050915831902,0.4492910864441109,0.34108368713031245,0.6880397763281382,1.781507928500813
plantview__langdon_4__12-03-24,5,80,0080_eval.png,0.6395771733093105,0.6554565337540623,0.7104893246833272,0.10174151293936608,0.6064221567071366,0.15522220666560677,0.32495399310871054,0.5713307451090209,0.634860391881316,0.6381590776276393
plantview__langdon_4__12-03-24,6,96,0096_eval.png,0.353440639734858,0.5918468198850018,0.6765555098797607,0.0932570663777445,1.8032258791007474,0.2672677423441182,0.4135927504221913,0.3680860462174027,0.7004619780527724,1.8563716352581991
plantview__langdon_4__12-03-24,7,112,0112_eval.png,0.7652694599370418,0.7935667076443061,0.8537737609581942,0.09363067996437484,0.5686203781934213,0.17231093078184312,0.3164878263806284,0.6837865390127927,0.7657645663991204,0.5987680765619094
plantview__langdon_4__12-03-24,8,128,0128_eval.png,0.4096113616669162,0.6907679259472592,0.7736631946895295,0.08676235544830611,2.0035901709703325,0.2607138942243469,0.4114107281875847,0.4283680953276977,0.8022393124171494,2.0776466857306586
plantview__langdon_4__12-03-24,9,144,0144_eval.png,0.6452269327631878,0.6650964016973341,0.7151520501738411,0.09752734148012593,0.6141652186487374,0.15065666381078488,0.28072277763927767,0.5687839470491961,0.6318218810523183,0.6470835079739296
plantview__langdon_4__12-03-24,10,160,0160_eval.png,0.3845732979555347,0.6325403464251551,0.7161934305942294,0.07616580310880829,1.906144672861534,0.2629777742126333,0.3952800122045782,0.4036817521390394,0.7427109211736411,1.9720155077983248
plantview__langdon_4__12-03-24,11,176,0176_eval.png,0.5957279838945326,0.6128002725619752,0.6626185891102875,0.1270894748110209,0.6277750271654162,0.1461210869932987,0.3009635580245934,0.535178259538553,0.5957610613951648,0.655601494462158
plantview__langdon_4__12-03-24,12,192,0192_eval.png,0.3193847012221783,0.5308014330114555,0.6213396793508614,0.14039154638826376,1.7318971004995745,0.2702507322830042,0.4127100058524874,0.33496490883540914,0.6483734316389602,1.7887278938349171
plantview__langdon_4__12-03-24,13,208,0208_eval.png,0.757652236197411,0.7718487601076445,0.8319585851643045,0.10195049714406601,0.5625062665779471,0.15658459910576084,0.3313973670354439,0.6827073686160136,0.7509240000439386,0.5901905937374289
plantview__langdon_4__12-03-24,14,224,0224_eval.png,0.27950653907992934,0.43789249451145046,0.5260296124787447,0.2338347710218108,1.5446236962106323,0.34861654505419176,0.47958527387024036,0.2828570555774545,0.5390952359344032,1.57169635451111
plantview__langdon_4__12-03-24,15,240,0240_eval.png,0.84140196171984,0.845873122507354,0.9107505906260885,0.09807486631016042,0.5304907680563766,0.16465658870158842,0.3610350563204001,0.7570232477554869,0.8203103534975248,0.559537289859013
plantview__langdon_4__12-03-24,16,256,0256_eval.png,0.27650796425024077,0.44622504364509297,0.5338703235900918,0.20465254786553858,1.5422533953142699,0.32619072388716064,0.4565209799765333,0.28142414185385056,0.5529276773409858,1.5790320515485345
plantview__langdon_4__12-03-24,17,272,0272_eval.png,0.74485458627535,0.7484655500175887,0.7995741496630575,0.06027428834850755,0.566839942391733,0.15555698795990938,0.32052389582077967,0.6696906005191102,0.7209894548399248,0.5969462666461707
plantview__langdon_4__12-03-24,18,288,0288_eval.png,0.6598043129702712,1.017806029002395,1.0832059105515186,0.0,3.687461410308728,0.2953477492484413,0.4399767402028686,0.654350368353471,1.0758639427948047,3.630242119594915
plantview__langdon_4__12-03-24,19,304,0304_eval.png,0.4586960311415938,0.469377588593415,0.5031357422373871,0.044220279838737,0.6918980229661262,0.13112366951646362,0.30334859950660975,0.39618188545383726,0.4413995833883617,0.7297371794874489
plantview__langdon_4__13-02-24,0,0,0000_eval.png,0.20752497589873425,0.2647644219064142,0.29325122834087713,0.11823852692219336,1.2126314619642442,0.1935730595890919,0.2667246098431223,0.21806869076876043,0.31928649425251154,1.2581505745850445
plantview__langdon_4__13-02-24,1,16,0016_eval.png,0.4329080025834131,0.36367231580318005,0.3914668945993315,0.013527524670350448,0.7019814410599565,0.16686604448775838,0.3881219810046805,0.3873043648143237,0.3729376284117145,0.7372558391176167
plantview__langdon_4__13-02-24,2,32,0032_eval.png,0.5768837313010656,0.7434941961283448,0.7753816187827809,0.0,2.5421248824794276,0.1761065747477083,0.23450219094849312,0.5598924308296188,0.7548210527145461,2.4525361867071074
plantview__langdon_4__13-02-24,3,48,0048_eval.png,0.49548545385540665,0.41327383925944744,0.4323874071328632,0.027238750556903123,0.6866347085996541,0.17591054895301547,0.33793700849686537,0.43347670857022175,0.39175897359933787,0.730338311279715
plantview__langdon_4__13-02-24,4,64,0064_eval.png,0.3754706656966094,0.471585268338489,0.5213804977020972,0.05892352321649637,1.7565739786393855,0.19717113322532578,0.24608160440705257,0.37820652563697577,0.5246377947688831,1.7651116299196679
plantview__langdon_4__13-02-24,5,80,0080_eval.png,0.2886652987406325,0.2486077092252806,0.28099997877838273,0.020638213673266258,0.8167426713476498,0.12665524007348114,0.22282995820319595,0.23385877349426984,0.25395338408267315,0.8645875939923741
plantview__langdon_4__13-02-24,6,96,0096_eval.png,0.39639676158580267,0.47804668537841044,0.5265451378858458,0.04527681113571654,1.8182046362449,0.16723750334325563,0.23252572853165768,0.39287133691346376,0.5224779821246985,1.805594336501188
plantview__langdon_4__13-02-24,7,112,0112_eval.png,0.3232097964557206,0.2840410571639843,0.30230589080066633,0.04935825033370982,0.7665750143290988,0.09864066300965534,0.1695508263717346,0.2675749002234644,0.2584371775933274,0.8092301597945637
plantview__langdon_4__13-02-24,8,128,0128_eval.png,0.2793199125097379,0.29161007244268444,0.3204114880964165,0.08931150163293416,0.8152634046756565,0.11860307957746491,0.22205115165392364,0.22553270221710361,0.27294754700774054,0.8616383281747176
plantview__langdon_4__13-02-24,9,144,0144_eval.png,0.24770677672222527,0.2638187979429263,0.279814147534717,0.060124644653400394,0.8221365991248154,0.0923676170425139,0.20563961929779456,0.18210293398594632,0.22774010387760815,0.8842145511288396
plantview__langdon_4__13-02-24,10,160,0160_eval.png,0.4088649723203512,0.3834127905563772,0.4007204880378879,0.04060752750679082,0.7141967665504177,0.07400670623465799,0.12994389004955786,0.3348931090203982,0.3322573032168472,0.757652629758552
plantview__langdon_4__13-02-24,11,176,0176_eval.png,0.2577523262937175,0.291979712876391,0.3425550129137113,0.10451538338912801,0.8180969741463455,0.09709549547731904,0.22445536388919263,0.20624294121843212,0.2923687683234273,0.8628279906661352
plantview__langdon_4__13-02-24,12,192,0192_eval.png,0.3466322826787021,0.3160111055628664,0.33308598771562914,0.03253817746282064,0.7536126104200317,0.09622491569322358,0.17972630349045057,0.2778373698678394,0.2754588420756151,0.8033254529423922
plantview__langdon_4__13-02-24,13,208,0208_eval.png,0.15500899002891413,0.173937730651758,0.2207085166776901,0.4334458992932197,0.944012498521116,0.12140118938192464,0.197180333354205,0.12459694038040359,0.20007119228761588,0.9951986768985548
plantview__langdon_4__13-02-24,14,224,0224_eval.png,0.41494990448793506,0.355389816116916,0.36741370093525305,0.025618321527194142,0.7060539215918478,0.10543720923722524,0.22730628556501511,0.38012446078779655,0.33880621253426313,0.7286240995607252
plantview__langdon_4__13-02-24,15,240,0240_eval.png,0.252050191700667,0.33633448196946264,0.3797471183462968,0.1333111846191625,1.3639725799269793,0.12857041483655593,0.1914000247826051,0.2748310207670373,0.4078134845982317,1.4100838553062116
plantview__langdon_4__13-02-24,16,256,0256_eval.png,0.48007808262203827,0.38677795390925745,0.4021984050247325,0.025548820702867372,0.6744259568996355,0.17958523777108445,0.3279443769107208,0.46204326336683477,0.38915987902777033,0.6863084782910039
plantview__langdon_4__13-02-24,17,272,0272_eval.png,0.5731474609417171,0.7564055897995201,0.7885221515806035,0.0007326262908177505,2.5339239828747813,0.1758361147173191,0.2375508657171566,0.5564293158158663,0.7670715049110979,2.4332126286811655
plantview__langdon_4__13-02-24,18,288,0288_eval.png,0.5821052784846177,0.45778917538275765,0.6218795433532716,0.010704825791890664,0.6319352392536336,0.17925896104187186,0.5447450517969676,0.5243422234099739,0.595386444318169,0.6641132340147099
plantview__langdon_4__13-02-24,19,304,0304_eval.png,0.5489779167466852,0.7356175015419225,0.7663866467483116,0.0,2.297607411123682,0.15503555772425875,0.22961670590586636,0.5213815866123848,0.7322506308340698,2.169828365652531
plantview__langdon_4__20-02-24,0,0,0000_eval.png,0.39197998190578204,0.3115106640801304,0.44789066595591825,0.44881456247204154,0.8930014207916993,0.31903244241338746,0.35773079739715963,0.3597088012515795,0.41388618815440875,0.9258338497989539
plantview__langdon_4__20-02-24,1,16,0018_train.png,0.5873511376489827,0.47530371547799444,0.5013730857452076,0.04759329976456805,0.6143205633591695,0.14569113332077296,0.2942468680105818,0.5252258885215113,0.45020810181651755,0.6449365573014892
plantview__langdon_4__20-02-24,2,32,0034_train.png,0.3136175959297168,0.3854670235109486,0.44461327886221147,0.035843841768872,1.4579036296730667,0.34534847602751295,0.39776691348447274,0.31406460223571125,0.4569435036801842,1.4882728089170496
plantview__langdon_4__20-02-24,3,48,0050_train.png,0.7510730062801234,0.5821342804254419,0.6091035081342404,0.015505828176716075,0.5612683847004827,0.1454873709278516,0.29221824995908424,0.669098886777446,0.5469770297174921,0.5925359777295827
plantview__langdon_4__20-02-24,4,64,0066_train.png,0.30221982401718117,0.3551874699588568,0.48512673744923973,0.02101452836060472,1.2587142157245967,0.30022541865886343,0.45444305988638106,0.30939295356738417,0.5098541711730844,1.3231877620753802
plantview__langdon_4__20-02-24,5,80,0082_train.png,0.7092425497790221,0.5836234655405581,0.6124470124969311,0.04984821654439666,0.5803912109961937,0.13158587225395393,0.2816156852331528,0.6452580015263737,0.5580224033722009,0.6075374756449851
plantview__langdon_4__20-02-24,6,96,0098_train.png,0.24870401002423456,0.3063301482490103,0.3765320618944061,0.08586877781227362,1.2336421491154599,0.22749154792274773,0.31305656559551814,0.2625085941739392,0.40750962489115605,1.2935041372364537
plantview__langdon_4__20-02-24,7,112,0114_train.png,0.6043562137279295,0.5135626830693508,0.5383676789070658,0.06427790570557998,0.6039860942090209,0.09002146083537896,0.1997561079375827,0.5406085757327173,0.4826494291621234,0.6318253406876106
plantview__langdon_4__20-02-24,8,128,0130_train.png,0.27269861985741295,0.29687755401683324,0.35031707084629693,0.07421939631739428,0.8791524413023646,0.1825613053437137,0.32508039456599547,0.238632252055751,0.3371619140932027,0.9203633637582473
plantview__langdon_4__20-02-24,9,144,0146_train.png,0.502612677156234,0.44446720981116217,0.46950378857831676,0.04306317879247927,0.67471269391202,0.12402054865757134,0.2532410343329773,0.45234785465643684,0.42490848952752075,0.7040548634232391
plantview__langdon_4__20-02-24,10,160,0162_train.png,0.5853873585565266,0.6042968043780107,1.401536555688585,0.088098016336056,0.6568489513640362,0.15714676416749596,1.3066169943739294,0.5161269289246769,1.3740973497834055,0.6920346419410717
plantview__langdon_4__20-02-24,11,176,0178_train.png,0.5249105311554042,0.5302511483890141,0.5678443061451728,0.0780459049526073,0.652597730228892,0.13061656432314037,0.2613007894407092,0.46448183441916363,0.501438391746438,0.6861798706375568
plantview__langdon_4__20-02-24,12,192,0194_train.png,0.6050386380577583,0.5473310473219614,0.5892981989829338,0.10690920029077297,0.6120587176928981,0.12830868253496092,0.25103211696917327,0.5396974726742229,0.5240485569645827,0.6448965882595074
plantview__langdon_4__20-02-24,13,208,0210_train.png,0.3535096226654795,0.38535884359762784,0.45884453662555785,0.06514550264550265,0.7866661058614547,0.18171512229672038,0.3851857189895518,0.30905267432565336,0.4252752272937524,0.8341976366662542
plantview__langdon_4__20-02-24,14,224,0226_train.png,0.4444401466583213,0.40872919391275697,0.7478254816005026,0.03339326014611942,0.6929846593595321,0.12927064665009863,0.6777176456855313,0.3828546390979011,0.7210186050892562,0.7346638662055647
plantview__langdon_4__20-02-24,15,240,0242_train.png,0.2314870726648082,0.2704364280487911,0.3620329730265208,0.31737062336826294,0.9798020956422802,0.22131227899754388,0.36265796365318315,0.21682967467371686,0.3708963421895947,1.0189847932207057
plantview__langdon_4__20-02-24,16,256,0258_train.png,0.7337696008022268,0.6152919672791446,0.668808681810048,0.07699422543309252,0.5659977340056835,0.10040695113397062,0.32065138593584785,0.6958188451236776,0.6389202569889777,0.5795631124487842
plantview__langdon_4__20-02-24,17,272,0274_train.png,0.428661905875244,0.5641296497944913,0.6258851234150676,0.06646472330136652,1.9285827554559554,0.2508355706458963,0.3016407866564661,0.4132746252973857,0.6049995246960742,1.8655450731701506
plantview__langdon_4__20-02-24,18,288,0290_train.png,0.6552897518946,0.5193980563286238,0.5552318297902026,0.08036042429695718,0.5732383565561057,0.13257093904251138,0.29507956248877454,0.6011984045017635,0.5098247328769882,0.5965113038426857
plantview__langdon_4__20-02-24,19,304,0306_train.png,0.281787863547571,0.32131335989937365,0.7248384101190318,0.050388431531695685,1.2236659012554318,0.28787660678530536,0.7286406785753511,0.2858326544634914,0.7327276825817651,1.2633100202033396
