sequence_id,pair,frame_in_A,frame_in_B,global_frame,s_dense_per_frame
mustc__plot198__230613__ugv__pos00,W0-W1,8,0,8,0.720573499855564
mustc__plot198__230613__ugv__pos00,W0-W1,9,1,9,0.827171052077417
mustc__plot198__230613__ugv__pos00,W0-W1,10,2,10,0.7500709295217391
mustc__plot198__230613__ugv__pos00,W0-W1,11,3,11,0.7915083767716554
mustc__plot198__230613__ugv__pos00,W0-W1,12,4,12,0.7473650310329476
mustc__plot198__230613__ugv__pos00,W0-W1,13,5,13,0.7446741422343035
mustc__plot198__230613__ugv__pos00,W0-W1,14,6,14,0.7103248643847206
mustc__plot198__230613__ugv__pos00,W0-W1,15,7,15,0.7168731072144214
plantview__langdon_4__05-03-24,W0-W1,8,0,8,0.795795347764317
plantview__langdon_4__05-03-24,W0-W1,9,1,9,0.7838939952005872
plantview__langdon_4__05-03-24,W0-W1,10,2,10,0.7826926094062744
plantview__langdon_4__05-03-24,W0-W1,11,3,11,0.7715395423130714
plantview__langdon_4__05-03-24,W0-W1,12,4,12,0.7733835208767605
plantview__langdon_4__05-03-24,W0-W1,13,5,13,0.7752261382636105
plantview__langdon_4__05-03-24,W0-W1,14,6,14,0.7742150943587053
plantview__langdon_4__05-03-24,W0-W1,15,7,15,0.777480650054454
plantview__langdon_4__05-03-24,W1-W2,8,0,16,0.6695099698920538
plantview__langdon_4__05-03-24,W1-W2,9,1,17,0.6768488336913547
plantview__langdon_4__05-03-24,W1-W2,10,2,18,0.6689588164696464
plantview__langdon_4__05-03-24,W1-W2,11,3,19,0.6670719583853563
plantview__langdon_4__05-03-24,W1-W2,12,4,20,0.6611436004811642
plantview__langdon_4__05-03-24,W1-W2,13,5,21,0.6667842180584815
plantview__langdon_4__05-03-24,W1-W2,14,6,22,0.6649112066189857
plantview__langdon_4__05-03-24,W1-W2,15,7,23,0.6581443735064545
plantview__langdon_4__05-03-24,W2-W3,8,0,24,0.6684873421090555
plantview__langdon_4__05-03-24,W2-W3,9,1,25,0.6569588469210386
plantview__langdon_4__05-03-24,W2-W3,10,2,26,0.654629090067345
plantview__langdon_4__05-03-24,W2-W3,11,3,27,0.6504747049039505
plantview__langdon_4__05-03-24,W2-W3,12,4,28,0.6563333118711983
plantview__langdon_4__05-03-24,W2-W3,13,5,29,0.6514494238103447
plantview__langdon_4__05-03-24,W2-W3,14,6,30,0.6329406694678769
plantview__langdon_4__05-03-24,W2-W3,15,7,31,0.614658764792479
plantview__langdon_4__05-03-24,W3-W4,8,0,32,0.8520633041418318
plantview__langdon_4__05-03-24,W3-W4,10,2,34,0.8522778741089677
plantview__langdon_4__05-03-24,W3-W4,11,3,35,0.8500942719843497
plantview__langdon_4__05-03-24,W3-W4,13,5,37,0.847356354695727
plantview__langdon_4__05-03-24,W3-W4,14,6,38,0.8390653766232689
plantview__langdon_4__05-03-24,W4-W5,8,0,40,0.7670762701712546
plantview__langdon_4__05-03-24,W4-W5,9,1,41,0.7584313960799944
plantview__langdon_4__05-03-24,W4-W5,10,2,42,0.7542710204495012
plantview__langdon_4__05-03-24,W4-W5,11,3,43,0.7557665971423178
plantview__langdon_4__05-03-24,W4-W5,12,4,44,0.7497591605994643
plantview__langdon_4__05-03-24,W4-W5,13,5,45,0.75556292836234
plantview__langdon_4__05-03-24,W4-W5,14,6,46,0.7551868638316459
plantview__langdon_4__05-03-24,W4-W5,15,7,47,0.7752089605664736
plantview__langdon_4__05-03-24,W5-W6,8,0,48,0.6608772483698335
plantview__langdon_4__05-03-24,W5-W6,9,1,49,0.6506588762277612
plantview__langdon_4__05-03-24,W5-W6,11,3,51,0.6327297963102843
plantview__langdon_4__05-03-24,W5-W6,13,5,53,0.6278926066810837
plantview__langdon_4__05-03-24,W5-W6,15,7,55,0.6278222030807856
plantview__langdon_4__05-03-24,W6-W7,8,0,56,0.6303888227378651
plantview__langdon_4__05-03-24,W6-W7,9,1,57,0.6319428185852657
plantview__langdon_4__05-03-24,W6-W7,10,2,58,0.6307360235364095
plantview__langdon_4__05-03-24,W6-W7,11,3,59,0.6419236402700392
plantview__langdon_4__05-03-24,W6-W7,12,4,60,0.6344853499012735
plantview__langdon_4__05-03-24,W6-W7,13,5,61,0.6339164168278679
plantview__langdon_4__05-03-24,W6-W7,14,6,62,0.6167174229000367
plantview__langdon_4__05-03-24,W6-W7,15,7,63,0.6040883332477833
plantview__langdon_4__05-03-24,W7-W8,8,0,64,0.8378353518075039
plantview__langdon_4__05-03-24,W7-W8,9,1,65,0.8385022596217789
plantview__langdon_4__05-03-24,W7-W8,10,2,66,0.8368396089813361
plantview__langdon_4__05-03-24,W7-W8,11,3,67,0.8358089496348818
plantview__langdon_4__05-03-24,W7-W8,12,4,68,0.8294594284685547
plantview__langdon_4__05-03-24,W7-W8,13,5,69,0.8221789014132548
plantview__langdon_4__05-03-24,W7-W8,14,6,70,0.8174314747814966
plantview__langdon_4__05-03-24,W7-W8,15,7,71,0.8002454646625429
plantview__langdon_4__05-03-24,W8-W9,8,0,72,0.7546846928461227
plantview__langdon_4__05-03-24,W8-W9,9,1,73,0.7333284945975492
plantview__langdon_4__05-03-24,W8-W9,10,2,74,0.7639318216248487
plantview__langdon_4__05-03-24,W8-W9,11,3,75,0.7991407649323894
plantview__langdon_4__05-03-24,W8-W9,12,4,76,0.7799857922966995
plantview__langdon_4__05-03-24,W8-W9,13,5,77,0.8176829294135777
plantview__langdon_4__05-03-24,W8-W9,14,6,78,0.8155638982734057
plantview__langdon_4__05-03-24,W8-W9,15,7,79,0.8152708472743688
plantview__langdon_4__05-03-24,W9-W10,8,0,80,0.6343849269899199
plantview__langdon_4__05-03-24,W9-W10,11,3,83,0.6113112698652727
plantview__langdon_4__05-03-24,W9-W10,12,4,84,0.602337889549266
plantview__langdon_4__05-03-24,W9-W10,13,5,85,0.607968626315718
plantview__langdon_4__05-03-24,W9-W10,14,6,86,0.605817386709302
plantview__langdon_4__05-03-24,W9-W10,15,7,87,0.6056391961558631
plantview__langdon_4__05-03-24,W10-W11,8,0,88,0.6383127352648255
plantview__langdon_4__05-03-24,W10-W11,9,1,89,0.6533824635595058
plantview__langdon_4__05-03-24,W10-W11,10,2,90,0.6543798928190019
plantview__langdon_4__05-03-24,W10-W11,11,3,91,0.6733072856583602
plantview__langdon_4__05-03-24,W10-W11,12,4,92,0.6774626917908566
plantview__langdon_4__05-03-24,W10-W11,13,5,93,0.6785773134584016
plantview__langdon_4__05-03-24,W10-W11,14,6,94,0.6528483296701451
plantview__langdon_4__05-03-24,W10-W11,15,7,95,0.6315829356196034
plantview__langdon_4__05-03-24,W11-W12,8,0,96,0.9026316966762372
plantview__langdon_4__05-03-24,W11-W12,9,1,97,0.8862408448706869
plantview__langdon_4__05-03-24,W11-W12,10,2,98,0.8699821765576409
plantview__langdon_4__05-03-24,W11-W12,11,3,99,0.8563514491398905
plantview__langdon_4__05-03-24,W11-W12,12,4,100,0.8505257874231857
plantview__langdon_4__05-03-24,W11-W12,13,5,101,0.8536187405213558
plantview__langdon_4__05-03-24,W11-W12,14,6,102,0.8241103418465737
plantview__langdon_4__05-03-24,W11-W12,15,7,103,0.8141510251945365
plantview__langdon_4__05-03-24,W12-W13,8,0,104,0.7107737453311074
plantview__langdon_4__05-03-24,W12-W13,9,1,105,0.7013823594951765
plantview__langdon_4__05-03-24,W12-W13,10,2,106,0.7075090221165254
plantview__langdon_4__05-03-24,W12-W13,11,3,107,0.7139657786427723
plantview__langdon_4__05-03-24,W12-W13,12,4,108,0.7216847492012196
plantview__langdon_4__05-03-24,W12-W13,13,5,109,0.74264987436419
plantview__langdon_4__05-03-24,W12-W13,14,6,110,0.7408767919600042
plantview__langdon_4__05-03-24,W12-W13,15,7,111,0.7360115069744925
plantview__langdon_4__05-03-24,W13-W14,8,0,112,0.66643837291927
plantview__langdon_4__05-03-24,W13-W14,9,1,113,0.6478149971520626
plantview__langdon_4__05-03-24,W13-W14,10,2,114,0.6260737374332607
plantview__langdon_4__05-03-24,W13-W14,11,3,115,0.6062263092613356
plantview__langdon_4__05-03-24,W13-W14,12,4,116,0.5970717910837442
plantview__langdon_4__05-03-24,W13-W14,13,5,117,0.5958381894194993
plantview__langdon_4__05-03-24,W13-W14,14,6,118,0.6063285745563024
plantview__langdon_4__05-03-24,W13-W14,15,7,119,0.6102679809161059
plantview__langdon_4__05-03-24,W14-W15,8,0,120,0.6247638531987982
plantview__langdon_4__05-03-24,W14-W15,9,1,121,0.637808221796353
plantview__langdon_4__05-03-24,W14-W15,10,2,122,0.6344532995921051
plantview__langdon_4__05-03-24,W14-W15,11,3,123,0.6332160956036852
plantview__langdon_4__05-03-24,W14-W15,12,4,124,0.6123013625065381
plantview__langdon_4__05-03-24,W14-W15,13,5,125,0.6000645335369872
plantview__langdon_4__05-03-24,W14-W15,14,6,126,0.6000791163912784
plantview__langdon_4__05-03-24,W14-W15,15,7,127,0.5561373555745833
plantview__langdon_4__05-03-24,W15-W16,8,0,128,0.9712447081271829
plantview__langdon_4__05-03-24,W15-W16,9,1,129,0.9593881008742035
plantview__langdon_4__05-03-24,W15-W16,10,2,130,0.941606975586404
plantview__langdon_4__05-03-24,W15-W16,11,3,131,0.9336905342589854
plantview__langdon_4__05-03-24,W15-W16,12,4,132,0.9346377896413394
plantview__langdon_4__05-03-24,W15-W16,13,5,133,0.91688457354112
plantview__langdon_4__05-03-24,W15-W16,14,6,134,0.9119103924105245
plantview__langdon_4__05-03-24,W15-W16,15,7,135,0.8745603637727037
plantview__langdon_4__05-03-24,W16-W17,8,0,136,0.7179536524715335
plantview__langdon_4__05-03-24,W16-W17,9,1,137,0.7302467670811057
plantview__langdon_4__05-03-24,W16-W17,10,2,138,0.7316973175270982
plantview__langdon_4__05-03-24,W16-W17,11,3,139,0.7461530445798279
plantview__langdon_4__05-03-24,W16-W17,12,4,140,0.7505235319890461
plantview__langdon_4__05-03-24,W16-W17,13,5,141,0.7538422397574533
plantview__langdon_4__05-03-24,W16-W17,14,6,142,0.7616408336148077
plantview__langdon_4__05-03-24,W16-W17,15,7,143,0.7887117069676716
plantview__langdon_4__05-03-24,W17-W18,8,0,144,0.6780601179401425
plantview__langdon_4__05-03-24,W17-W18,9,1,145,0.6658219148301956
plantview__langdon_4__05-03-24,W17-W18,10,2,146,0.6709332391939948
plantview__langdon_4__05-03-24,W17-W18,11,3,147,0.6583222066855472
plantview__langdon_4__05-03-24,W17-W18,12,4,148,0.6630489428798296
plantview__langdon_4__05-03-24,W17-W18,13,5,149,0.6627866350049116
plantview__langdon_4__05-03-24,W17-W18,14,6,150,0.6629336144858174
plantview__langdon_4__05-03-24,W17-W18,15,7,151,0.6622961415995933
plantview__langdon_4__05-03-24,W18-W19,8,0,152,0.6642779699145915
plantview__langdon_4__05-03-24,W18-W19,9,1,153,0.6727946785539989
plantview__langdon_4__05-03-24,W18-W19,10,2,154,0.6716782220398507
plantview__langdon_4__05-03-24,W18-W19,11,3,155,0.6825484349051412
plantview__langdon_4__05-03-24,W18-W19,12,4,156,0.6911162224421741
plantview__langdon_4__05-03-24,W18-W19,13,5,157,0.6768417943807822
plantview__langdon_4__05-03-24,W18-W19,14,6,158,0.664175453478447
plantview__langdon_4__05-03-24,W18-W19,15,7,159,0.6648826285666753
plantview__langdon_4__05-03-24,W19-W20,8,0,160,0.895960064633011
plantview__langdon_4__05-03-24,W19-W20,10,2,162,0.8809707334589976
plantview__langdon_4__05-03-24,W19-W20,11,3,163,0.8861247646084436
plantview__langdon_4__05-03-24,W19-W20,12,4,164,0.8861370748147639
plantview__langdon_4__05-03-24,W19-W20,13,5,165,0.8782166555223827
plantview__langdon_4__05-03-24,W19-W20,14,6,166,0.8474498751854525
plantview__langdon_4__05-03-24,W19-W20,15,7,167,0.8335742114942889
plantview__langdon_4__05-03-24,W20-W21,8,0,168,0.7721818990856486
plantview__langdon_4__05-03-24,W20-W21,9,1,169,0.7642906905049764
plantview__langdon_4__05-03-24,W20-W21,10,2,170,0.765680237760781
plantview__langdon_4__05-03-24,W20-W21,11,3,171,0.7751929429807893
plantview__langdon_4__05-03-24,W20-W21,12,4,172,0.7691112995460689
plantview__langdon_4__05-03-24,W20-W21,13,5,173,0.7566930153179132
plantview__langdon_4__05-03-24,W20-W21,14,6,174,0.7748964156869711
plantview__langdon_4__05-03-24,W20-W21,15,7,175,0.7735391593537171
plantview__langdon_4__05-03-24,W21-W22,8,0,176,0.692238981603349
plantview__langdon_4__05-03-24,W21-W22,9,1,177,0.6775756242580535
plantview__langdon_4__05-03-24,W21-W22,10,2,178,0.6835752831910066
plantview__langdon_4__05-03-24,W21-W22,11,3,179,0.6770838023657944
plantview__langdon_4__05-03-24,W21-W22,12,4,180,0.6731945801459752
plantview__langdon_4__05-03-24,W21-W22,13,5,181,0.6713773575942998
plantview__langdon_4__05-03-24,W21-W22,14,6,182,0.6677282242796996
plantview__langdon_4__05-03-24,W21-W22,15,7,183,0.6737806752593096
plantview__langdon_4__05-03-24,W22-W23,8,0,184,0.6928480651698958
plantview__langdon_4__05-03-24,W22-W23,9,1,185,0.6896964113659809
plantview__langdon_4__05-03-24,W22-W23,10,2,186,0.6753913257038149
plantview__langdon_4__05-03-24,W22-W23,11,3,187,0.6676584168298219
plantview__langdon_4__05-03-24,W22-W23,12,4,188,0.6674252464562482
plantview__langdon_4__05-03-24,W22-W23,13,5,189,0.662555937120906
plantview__langdon_4__05-03-24,W22-W23,14,6,190,0.6499264460695257
plantview__langdon_4__05-03-24,W22-W23,15,7,191,0.6386651759467112
plantview__langdon_4__05-03-24,W23-W24,8,0,192,0.8540757380241948
plantview__langdon_4__05-03-24,W23-W24,9,1,193,0.8474977753238093
plantview__langdon_4__05-03-24,W23-W24,10,2,194,0.8475261040868727
plantview__langdon_4__05-03-24,W23-W24,11,3,195,0.846165559701817
plantview__langdon_4__05-03-24,W23-W24,12,4,196,0.8453507480476485
plantview__langdon_4__05-03-24,W23-W24,13,5,197,0.839489717451307
plantview__langdon_4__05-03-24,W23-W24,14,6,198,0.8403917138042104
plantview__langdon_4__05-03-24,W23-W24,15,7,199,0.8432719244303997
plantview__langdon_4__05-03-24,W24-W25,8,0,200,0.7724214380072353
plantview__langdon_4__05-03-24,W24-W25,9,1,201,0.7763622752149828
plantview__langdon_4__05-03-24,W24-W25,10,2,202,0.7762160596523531
plantview__langdon_4__05-03-24,W24-W25,11,3,203,0.7701445742790756
plantview__langdon_4__05-03-24,W24-W25,12,4,204,0.754538498524714
plantview__langdon_4__05-03-24,W24-W25,13,5,205,0.7523375966983119
plantview__langdon_4__05-03-24,W24-W25,14,6,206,0.7787212945327959
plantview__langdon_4__05-03-24,W24-W25,15,7,207,0.7797956785004421
plantview__langdon_4__05-03-24,W25-W26,8,0,208,0.6718837588798269
plantview__langdon_4__05-03-24,W25-W26,9,1,209,0.6646216014123336
plantview__langdon_4__05-03-24,W25-W26,10,2,210,0.6660197658810554
plantview__langdon_4__05-03-24,W25-W26,11,3,211,0.6687942982814805
plantview__langdon_4__05-03-24,W25-W26,12,4,212,0.6649486301246633
plantview__langdon_4__05-03-24,W25-W26,13,5,213,0.6709203040796903
plantview__langdon_4__05-03-24,W25-W26,14,6,214,0.6800089037809356
plantview__langdon_4__05-03-24,W25-W26,15,7,215,0.6881614044131166
plantview__langdon_4__05-03-24,W26-W27,8,0,216,0.6717094604951007
plantview__langdon_4__05-03-24,W26-W27,9,1,217,0.6668129259208018
plantview__langdon_4__05-03-24,W26-W27,10,2,218,0.6606173626798987
plantview__langdon_4__05-03-24,W26-W27,11,3,219,0.6530927171764485
plantview__langdon_4__05-03-24,W26-W27,12,4,220,0.6486644307140425
plantview__langdon_4__05-03-24,W26-W27,13,5,221,0.6397977829718227
plantview__langdon_4__05-03-24,W26-W27,14,6,222,0.6199230546116393
plantview__langdon_4__05-03-24,W26-W27,15,7,223,0.5906825001764104
plantview__langdon_4__05-03-24,W27-W28,8,0,224,0.8431357301454303
plantview__langdon_4__05-03-24,W27-W28,9,1,225,0.8369031231748759
plantview__langdon_4__05-03-24,W27-W28,10,2,226,0.8380393811427378
plantview__langdon_4__05-03-24,W27-W28,11,3,227,0.8419463416427471
plantview__langdon_4__05-03-24,W27-W28,12,4,228,0.8364985852918508
plantview__langdon_4__05-03-24,W27-W28,13,5,229,0.8341599937977123
plantview__langdon_4__05-03-24,W27-W28,14,6,230,0.8398998311719998
plantview__langdon_4__05-03-24,W27-W28,15,7,231,0.8492497234892439
plantview__langdon_4__05-03-24,W28-W29,8,0,232,0.7336807475157667
plantview__langdon_4__05-03-24,W28-W29,10,2,234,0.746440890147859
plantview__langdon_4__05-03-24,W28-W29,11,3,235,0.7570129582305856
plantview__langdon_4__05-03-24,W28-W29,12,4,236,0.7495020354480637
plantview__langdon_4__05-03-24,W28-W29,15,7,239,0.772836377498835
plantview__langdon_4__05-03-24,W29-W30,8,0,240,0.6759571386190092
plantview__langdon_4__05-03-24,W29-W30,9,1,241,0.6742770653023671
plantview__langdon_4__05-03-24,W29-W30,10,2,242,0.6771593395460047
plantview__langdon_4__05-03-24,W29-W30,11,3,243,0.6766689257331584
plantview__langdon_4__05-03-24,W29-W30,12,4,244,0.6743809188701391
plantview__langdon_4__05-03-24,W29-W30,13,5,245,0.6826992823078275
plantview__langdon_4__05-03-24,W29-W30,14,6,246,0.6885113196072764
plantview__langdon_4__05-03-24,W30-W31,8,0,248,0.7319837107216272
plantview__langdon_4__05-03-24,W30-W31,9,1,249,0.7378118908438953
plantview__langdon_4__05-03-24,W30-W31,10,2,250,0.7386909623197759
plantview__langdon_4__05-03-24,W30-W31,11,3,251,0.7249137910026635
plantview__langdon_4__05-03-24,W30-W31,12,4,252,0.7142371829019457
plantview__langdon_4__05-03-24,W30-W31,13,5,253,0.6832387495975004
plantview__langdon_4__05-03-24,W30-W31,14,6,254,0.6642923471823364
plantview__langdon_4__05-03-24,W30-W31,15,7,255,0.6293176700166452
plantview__langdon_4__05-03-24,W31-W32,8,0,256,0.8302013484503826
plantview__langdon_4__05-03-24,W31-W32,9,1,257,0.836965613806522
plantview__langdon_4__05-03-24,W31-W32,10,2,258,0.836488065575625
plantview__langdon_4__05-03-24,W31-W32,11,3,259,0.8279138116839215
plantview__langdon_4__05-03-24,W31-W32,12,4,260,0.8206882328984383
plantview__langdon_4__05-03-24,W31-W32,13,5,261,0.8197652236912056
plantview__langdon_4__05-03-24,W31-W32,14,6,262,0.8215032192961798
plantview__langdon_4__05-03-24,W31-W32,15,7,263,0.8343162754000453
plantview__langdon_4__05-03-24,W32-W33,8,0,264,0.7568988959993292
plantview__langdon_4__05-03-24,W32-W33,9,1,265,0.7457002896633844
plantview__langdon_4__05-03-24,W32-W33,10,2,266,0.7501028581648175
plantview__langdon_4__05-03-24,W32-W33,12,4,268,0.7489169352378456
plantview__langdon_4__05-03-24,W32-W33,13,5,269,0.7565922576686046
plantview__langdon_4__05-03-24,W32-W33,15,7,271,0.7494817636061053
plantview__langdon_4__05-03-24,W33-W34,8,0,272,0.6541440382097188
plantview__langdon_4__05-03-24,W33-W34,9,1,273,0.6566515396045356
plantview__langdon_4__05-03-24,W33-W34,10,2,274,0.6512972221696246
plantview__langdon_4__05-03-24,W33-W34,11,3,275,0.6474709046430347
plantview__langdon_4__05-03-24,W33-W34,12,4,276,0.6507184332852991
plantview__langdon_4__05-03-24,W33-W34,13,5,277,0.6635156084405254
plantview__langdon_4__05-03-24,W33-W34,15,7,279,0.6657289207298829
plantview__langdon_4__05-03-24,W34-W35,8,0,280,0.7143558733647621
plantview__langdon_4__05-03-24,W34-W35,9,1,281,0.7089075223312343
plantview__langdon_4__05-03-24,W34-W35,10,2,282,0.7094998172892621
plantview__langdon_4__05-03-24,W34-W35,11,3,283,0.7002693878492035
plantview__langdon_4__05-03-24,W34-W35,12,4,284,0.6951338571974918
plantview__langdon_4__05-03-24,W34-W35,13,5,285,0.6932836296856237
plantview__langdon_4__05-03-24,W34-W35,14,6,286,0.6620743882885927
plantview__langdon_4__05-03-24,W34-W35,15,7,287,0.6390309908817361
plantview__langdon_4__05-03-24,W35-W36,8,0,288,0.8208105679704776
plantview__langdon_4__05-03-24,W35-W36,9,1,289,0.8286721214530273
plantview__langdon_4__05-03-24,W35-W36,10,2,290,0.834789478008158
plantview__langdon_4__05-03-24,W35-W36,11,3,291,0.8278569032790096
plantview__langdon_4__05-03-24,W35-W36,12,4,292,0.8186093836126551
plantview__langdon_4__05-03-24,W35-W36,13,5,293,0.8184876888242381
plantview__langdon_4__05-03-24,W35-W36,14,6,294,0.8142705078145958
plantview__langdon_4__05-03-24,W35-W36,15,7,295,0.8165678271396557
plantview__langdon_4__05-03-24,W36-W37,8,0,296,0.7843790960016028
plantview__langdon_4__05-03-24,W36-W37,9,1,297,0.773952821527641
plantview__langdon_4__05-03-24,W36-W37,10,2,298,0.7726745780423713
plantview__langdon_4__05-03-24,W36-W37,11,3,299,0.7694787937240324
plantview__langdon_4__05-03-24,W36-W37,12,4,300,0.7694586754533659
plantview__langdon_4__05-03-24,W36-W37,13,5,301,0.7654638352960916
plantview__langdon_4__05-03-24,W36-W37,14,6,302,0.7668074438796458
plantview__langdon_4__05-03-24,W36-W37,15,7,303,0.7673473861246602
plantview__langdon_4__05-03-24,W37-W38,8,0,304,0.6694804152666278
plantview__langdon_4__05-03-24,W37-W38,9,1,305,0.6574646473437769
plantview__langdon_4__05-03-24,W37-W38,10,2,306,0.6538721873398985
plantview__langdon_4__05-03-24,W37-W38,11,3,307,0.6537965354403975
plantview__langdon_4__05-03-24,W37-W38,12,4,308,0.6555619490981763
plantview__langdon_4__05-03-24,W37-W38,13,5,309,0.658882814508899
plantview__langdon_4__05-03-24,W37-W38,14,6,310,0.6631236839661245
plantview__langdon_4__05-03-24,W37-W38,15,7,311,0.6609178480519213
plantview__langdon_4__12-03-24,W0-W1,8,0,8,0.808657911525255
plantview__langdon_4__12-03-24,W0-W1,9,1,9,0.7690214177121906
plantview__langdon_4__12-03-24,W0-W1,10,2,10,0.7748200476876572
plantview__langdon_4__12-03-24,W0-W1,11,3,11,0.7833128298590329
plantview__langdon_4__12-03-24,W0-W1,12,4,12,0.7891670495924878
plantview__langdon_4__12-03-24,W0-W1,13,5,13,0.7904349947493313
plantview__langdon_4__12-03-24,W0-W1,14,6,14,0.7947497466371729
plantview__langdon_4__12-03-24,W0-W1,15,7,15,0.7923397923495187
plantview__langdon_4__12-03-24,W1-W2,8,0,16,0.676125119903914
plantview__langdon_4__12-03-24,W1-W2,9,1,17,0.679604912065457
plantview__langdon_4__12-03-24,W1-W2,10,2,18,0.6830460291078672
plantview__langdon_4__12-03-24,W1-W2,11,3,19,0.678730454812829
plantview__langdon_4__12-03-24,W1-W2,12,4,20,0.6820583704757078
plantview__langdon_4__12-03-24,W1-W2,13,5,21,0.6878633310207021
plantview__langdon_4__12-03-24,W1-W2,14,6,22,0.6846512084793615
plantview__langdon_4__12-03-24,W1-W2,15,7,23,0.6820851115178548
plantview__langdon_4__12-03-24,W2-W3,8,0,24,0.6830106075080387
plantview__langdon_4__12-03-24,W2-W3,9,1,25,0.6663744941009381
plantview__langdon_4__12-03-24,W2-W3,10,2,26,0.6668765558091149
plantview__langdon_4__12-03-24,W2-W3,11,3,27,0.667126144859219
plantview__langdon_4__12-03-24,W2-W3,12,4,28,0.6552727956827403
plantview__langdon_4__12-03-24,W2-W3,13,5,29,0.6424138694088115
plantview__langdon_4__12-03-24,W2-W3,14,6,30,0.5949236711862871
plantview__langdon_4__12-03-24,W2-W3,15,7,31,0.5949008217345875
plantview__langdon_4__12-03-24,W3-W4,8,0,32,0.8928678697413264
plantview__langdon_4__12-03-24,W3-W4,9,1,33,0.8786543779636805
plantview__langdon_4__12-03-24,W3-W4,10,2,34,0.872126565151875
plantview__langdon_4__12-03-24,W3-W4,11,3,35,0.8661610159475415
plantview__langdon_4__12-03-24,W3-W4,12,4,36,0.8583710792356448
plantview__langdon_4__12-03-24,W3-W4,13,5,37,0.8585013174428844
plantview__langdon_4__12-03-24,W3-W4,14,6,38,0.8608890631038139
plantview__langdon_4__12-03-24,W3-W4,15,7,39,0.8456500228419132
plantview__langdon_4__12-03-24,W4-W5,8,0,40,0.8121083588979316
plantview__langdon_4__12-03-24,W4-W5,10,2,42,0.8067051440128251
plantview__langdon_4__12-03-24,W4-W5,11,3,43,0.8084519494814084
plantview__langdon_4__12-03-24,W4-W5,12,4,44,0.8054152137959062
plantview__langdon_4__12-03-24,W4-W5,13,5,45,0.8184064943752147
plantview__langdon_4__12-03-24,W4-W5,14,6,46,0.824320086170329
plantview__langdon_4__12-03-24,W4-W5,15,7,47,0.8392529008532111
plantview__langdon_4__12-03-24,W5-W6,8,0,48,0.6731371217651271
plantview__langdon_4__12-03-24,W5-W6,11,3,51,0.6737517902502362
plantview__langdon_4__12-03-24,W5-W6,12,4,52,0.6744547784276214
plantview__langdon_4__12-03-24,W5-W6,13,5,53,0.6756307671021904
plantview__langdon_4__12-03-24,W5-W6,14,6,54,0.6885249740429349
plantview__langdon_4__12-03-24,W5-W6,15,7,55,0.6860059872047823
plantview__langdon_4__12-03-24,W6-W7,8,0,56,0.6721885956069078
plantview__langdon_4__12-03-24,W6-W7,9,1,57,0.6767920254449409
plantview__langdon_4__12-03-24,W6-W7,10,2,58,0.6773887709245201
plantview__langdon_4__12-03-24,W6-W7,11,3,59,0.6802542406264295
plantview__langdon_4__12-03-24,W6-W7,12,4,60,0.6763339265072176
plantview__langdon_4__12-03-24,W6-W7,13,5,61,0.6613654602709773
plantview__langdon_4__12-03-24,W6-W7,14,6,62,0.6343125617959458
plantview__langdon_4__12-03-24,W6-W7,15,7,63,0.6232113707363819
plantview__langdon_4__12-03-24,W7-W8,8,0,64,0.8876549545819183
plantview__langdon_4__12-03-24,W7-W8,9,1,65,0.8787827298872813
plantview__langdon_4__12-03-24,W7-W8,10,2,66,0.8703398156427458
plantview__langdon_4__12-03-24,W7-W8,11,3,67,0.8637913102026606
plantview__langdon_4__12-03-24,W7-W8,12,4,68,0.8578719753535796
plantview__langdon_4__12-03-24,W7-W8,13,5,69,0.8635145593308236
plantview__langdon_4__12-03-24,W7-W8,14,6,70,0.8689313288438882
plantview__langdon_4__12-03-24,W7-W8,15,7,71,0.8578882154802705
plantview__langdon_4__12-03-24,W8-W9,8,0,72,0.8181093845186578
plantview__langdon_4__12-03-24,W8-W9,9,1,73,0.7931019800314236
plantview__langdon_4__12-03-24,W8-W9,10,2,74,0.7745956181000757
plantview__langdon_4__12-03-24,W8-W9,11,3,75,0.7897939043402551
plantview__langdon_4__12-03-24,W8-W9,12,4,76,0.7889733492515276
plantview__langdon_4__12-03-24,W8-W9,13,5,77,0.7951662955089159
plantview__langdon_4__12-03-24,W8-W9,14,6,78,0.8001781681901282
plantview__langdon_4__12-03-24,W8-W9,15,7,79,0.8064929164489656
plantview__langdon_4__12-03-24,W9-W10,8,0,80,0.6964830180267031
plantview__langdon_4__12-03-24,W9-W10,9,1,81,0.704166979045431
plantview__langdon_4__12-03-24,W9-W10,10,2,82,0.7076684106297793
plantview__langdon_4__12-03-24,W9-W10,11,3,83,0.7085287133444883
plantview__langdon_4__12-03-24,W9-W10,12,4,84,0.7079296383533091
plantview__langdon_4__12-03-24,W9-W10,13,5,85,0.7087710619660186
plantview__langdon_4__12-03-24,W9-W10,14,6,86,0.7124411320578256
plantview__langdon_4__12-03-24,W9-W10,15,7,87,0.7054261322784146
plantview__langdon_4__12-03-24,W10-W11,8,0,88,0.7003701515554531
plantview__langdon_4__12-03-24,W10-W11,9,1,89,0.6841084266338264
plantview__langdon_4__12-03-24,W10-W11,10,2,90,0.6910265307618193
plantview__langdon_4__12-03-24,W10-W11,11,3,91,0.6885685484996864
plantview__langdon_4__12-03-24,W10-W11,12,4,92,0.6817494298287203
plantview__langdon_4__12-03-24,W10-W11,13,5,93,0.6800852537630176
plantview__langdon_4__12-03-24,W10-W11,14,6,94,0.6472799702830098
plantview__langdon_4__12-03-24,W10-W11,15,7,95,0.6614697251640647
plantview__langdon_4__12-03-24,W11-W12,8,0,96,0.8444171989537488
plantview__langdon_4__12-03-24,W11-W12,11,3,99,0.8237169023394002
plantview__langdon_4__12-03-24,W11-W12,12,4,100,0.8185975241034896
plantview__langdon_4__12-03-24,W11-W12,13,5,101,0.8173801763516759
plantview__langdon_4__12-03-24,W11-W12,14,6,102,0.8221911840556262
plantview__langdon_4__12-03-24,W12-W13,8,0,104,0.8211455177670202
plantview__langdon_4__12-03-24,W12-W13,9,1,105,0.81762982487089
plantview__langdon_4__12-03-24,W12-W13,10,2,106,0.8029357466256215
plantview__langdon_4__12-03-24,W12-W13,11,3,107,0.8056083233431504
plantview__langdon_4__12-03-24,W12-W13,12,4,108,0.7938300765065318
plantview__langdon_4__12-03-24,W12-W13,13,5,109,0.8225939204067568
plantview__langdon_4__12-03-24,W12-W13,14,6,110,0.8336729951252093
plantview__langdon_4__12-03-24,W12-W13,15,7,111,0.8461154893563141
plantview__langdon_4__12-03-24,W13-W14,8,0,112,0.6915772459161005
plantview__langdon_4__12-03-24,W13-W14,9,1,113,0.7005296709735309
plantview__langdon_4__12-03-24,W13-W14,10,2,114,0.6988893460450294
plantview__langdon_4__12-03-24,W13-W14,11,3,115,0.6990231673661675
plantview__langdon_4__12-03-24,W13-W14,12,4,116,0.6979520840354587
plantview__langdon_4__12-03-24,W13-W14,13,5,117,0.7042484016070951
plantview__langdon_4__12-03-24,W13-W14,14,6,118,0.7058913500886305
plantview__langdon_4__12-03-24,W13-W14,15,7,119,0.7056732295995989
plantview__langdon_4__12-03-24,W14-W15,8,0,120,0.6847525167973614
plantview__langdon_4__12-03-24,W14-W15,9,1,121,0.674220142263958
plantview__langdon_4__12-03-24,W14-W15,10,2,122,0.669672409148452
plantview__langdon_4__12-03-24,W14-W15,11,3,123,0.6696670775757474
plantview__langdon_4__12-03-24,W14-W15,12,4,124,0.6472651086096715
plantview__langdon_4__12-03-24,W14-W15,13,5,125,0.6280064995608261
plantview__langdon_4__12-03-24,W14-W15,14,6,126,0.5962276889124383
plantview__langdon_4__12-03-24,W14-W15,15,7,127,0.5887900055968708
plantview__langdon_4__12-03-24,W15-W16,8,0,128,0.8798422272457307
plantview__langdon_4__12-03-24,W15-W16,9,1,129,0.8686435470784467
plantview__langdon_4__12-03-24,W15-W16,10,2,130,0.8622858372445401
plantview__langdon_4__12-03-24,W15-W16,11,3,131,0.8525464019058863
plantview__langdon_4__12-03-24,W15-W16,12,4,132,0.8508295107884054
plantview__langdon_4__12-03-24,W15-W16,13,5,133,0.8468512508745347
plantview__langdon_4__12-03-24,W15-W16,14,6,134,0.8527735917197999
plantview__langdon_4__12-03-24,W15-W16,15,7,135,0.8570658959455192
plantview__langdon_4__12-03-24,W16-W17,10,2,138,0.8040715988724743
plantview__langdon_4__12-03-24,W16-W17,11,3,139,0.8084081762050357
plantview__langdon_4__12-03-24,W16-W17,12,4,140,0.8060602882285486
plantview__langdon_4__12-03-24,W16-W17,13,5,141,0.8236352612988953
plantview__langdon_4__12-03-24,W16-W17,14,6,142,0.8179034416901919
plantview__langdon_4__12-03-24,W16-W17,15,7,143,0.8225998469272671
plantview__langdon_4__12-03-24,W17-W18,8,0,144,0.6837535042877001
plantview__langdon_4__12-03-24,W17-W18,9,1,145,0.6879135066758999
plantview__langdon_4__12-03-24,W17-W18,10,2,146,0.6925643197344062
plantview__langdon_4__12-03-24,W17-W18,11,3,147,0.6915904060079281
plantview__langdon_4__12-03-24,W17-W18,12,4,148,0.692015968734834
plantview__langdon_4__12-03-24,W17-W18,13,5,149,0.7006721615622261
plantview__langdon_4__12-03-24,W17-W18,14,6,150,0.7018088764138461
plantview__langdon_4__12-03-24,W17-W18,15,7,151,0.7029263582554938
plantview__langdon_4__12-03-24,W18-W19,8,0,152,0.6943147525869618
plantview__langdon_4__12-03-24,W18-W19,9,1,153,0.6801769329249068
plantview__langdon_4__12-03-24,W18-W19,10,2,154,0.6832070022411607
plantview__langdon_4__12-03-24,W18-W19,11,3,155,0.6744702070711386
plantview__langdon_4__12-03-24,W18-W19,12,4,156,0.6688913522576269
plantview__langdon_4__12-03-24,W18-W19,13,5,157,0.6321339451207866
plantview__langdon_4__12-03-24,W18-W19,14,6,158,0.6288344378740078
plantview__langdon_4__12-03-24,W18-W19,15,7,159,0.59798102590822
plantview__langdon_4__12-03-24,W19-W20,8,0,160,0.8737831960898421
plantview__langdon_4__12-03-24,W19-W20,9,1,161,0.8733060182553193
plantview__langdon_4__12-03-24,W19-W20,10,2,162,0.8679134438991998
plantview__langdon_4__12-03-24,W19-W20,11,3,163,0.8547254606178385
plantview__langdon_4__12-03-24,W19-W20,12,4,164,0.850800105952592
plantview__langdon_4__12-03-24,W19-W20,13,5,165,0.8481766228425112
plantview__langdon_4__12-03-24,W19-W20,14,6,166,0.8504873145688899
plantview__langdon_4__12-03-24,W19-W20,15,7,167,0.8495740058093468
plantview__langdon_4__12-03-24,W20-W21,8,0,168,0.8378896717862451
plantview__langdon_4__12-03-24,W20-W21,9,1,169,0.8159619581224862
plantview__langdon_4__12-03-24,W20-W21,10,2,170,0.806414250385072
plantview__langdon_4__12-03-24,W20-W21,11,3,171,0.8078285645897587
plantview__langdon_4__12-03-24,W20-W21,12,4,172,0.8009039807789734
plantview__langdon_4__12-03-24,W20-W21,13,5,173,0.8106783759109861
plantview__langdon_4__12-03-24,W20-W21,14,6,174,0.8066096384697325
plantview__langdon_4__12-03-24,W20-W21,15,7,175,0.8100058171941698
plantview__langdon_4__12-03-24,W21-W22,8,0,176,0.6915342446649022
plantview__langdon_4__12-03-24,W21-W22,9,1,177,0.6896131228179387
plantview__langdon_4__12-03-24,W21-W22,10,2,178,0.6886495641741406
plantview__langdon_4__12-03-24,W21-W22,11,3,179,0.6911929544055635
plantview__langdon_4__12-03-24,W21-W22,12,4,180,0.6816028056667756
plantview__langdon_4__12-03-24,W21-W22,13,5,181,0.6881787350551691
plantview__langdon_4__12-03-24,W21-W22,14,6,182,0.6869887951902165
plantview__langdon_4__12-03-24,W21-W22,15,7,183,0.6917725418659793
plantview__langdon_4__12-03-24,W22-W23,8,0,184,0.6980119066075625
plantview__langdon_4__12-03-24,W22-W23,9,1,185,0.6946378189347726
plantview__langdon_4__12-03-24,W22-W23,10,2,186,0.6992564171847843
plantview__langdon_4__12-03-24,W22-W23,11,3,187,0.7044242330602197
plantview__langdon_4__12-03-24,W22-W23,12,4,188,0.6883227149758185
plantview__langdon_4__12-03-24,W22-W23,13,5,189,0.6751497676654195
plantview__langdon_4__12-03-24,W22-W23,14,6,190,0.6782276723040052
plantview__langdon_4__12-03-24,W22-W23,15,7,191,0.6433365478624041
plantview__langdon_4__12-03-24,W23-W24,8,0,192,0.8655636556469356
plantview__langdon_4__12-03-24,W23-W24,9,1,193,0.8632996414943377
plantview__langdon_4__12-03-24,W23-W24,10,2,194,0.856191184610037
plantview__langdon_4__12-03-24,W23-W24,11,3,195,0.8496022374529568
plantview__langdon_4__12-03-24,W23-W24,12,4,196,0.8427920700458789
plantview__langdon_4__12-03-24,W23-W24,13,5,197,0.8352562417205608
plantview__langdon_4__12-03-24,W23-W24,14,6,198,0.83574800525461
plantview__langdon_4__12-03-24,W23-W24,15,7,199,0.8388367492065412
plantview__langdon_4__12-03-24,W24-W25,8,0,200,0.8378392524357495
plantview__langdon_4__12-03-24,W24-W25,9,1,201,0.8246956671208687
plantview__langdon_4__12-03-24,W24-W25,10,2,202,0.8126419489948411
plantview__langdon_4__12-03-24,W24-W25,11,3,203,0.8128289508194555
plantview__langdon_4__12-03-24,W24-W25,12,4,204,0.8187141661137842
plantview__langdon_4__12-03-24,W24-W25,13,5,205,0.8296355490757257
plantview__langdon_4__12-03-24,W24-W25,14,6,206,0.841344725986027
plantview__langdon_4__12-03-24,W24-W25,15,7,207,0.8420527044988586
plantview__langdon_4__12-03-24,W25-W26,8,0,208,0.6596058229074278
plantview__langdon_4__12-03-24,W25-W26,9,1,209,0.6529219032353533
plantview__langdon_4__12-03-24,W25-W26,10,2,210,0.6591872779635053
plantview__langdon_4__12-03-24,W25-W26,11,3,211,0.6560443952589501
plantview__langdon_4__12-03-24,W25-W26,12,4,212,0.6557770560317981
plantview__langdon_4__12-03-24,W25-W26,13,5,213,0.661004291860982
plantview__langdon_4__12-03-24,W25-W26,14,6,214,0.6575459879564624
plantview__langdon_4__12-03-24,W25-W26,15,7,215,0.6703422979835338
plantview__langdon_4__12-03-24,W26-W27,8,0,216,0.6831903166488315
plantview__langdon_4__12-03-24,W26-W27,9,1,217,0.6735775834229436
plantview__langdon_4__12-03-24,W26-W27,10,2,218,0.6674477137528585
plantview__langdon_4__12-03-24,W26-W27,11,3,219,0.6570736507049855
plantview__langdon_4__12-03-24,W26-W27,12,4,220,0.6536428210738812
plantview__langdon_4__12-03-24,W26-W27,13,5,221,0.6229272348888044
plantview__langdon_4__12-03-24,W26-W27,14,6,222,0.6217658963911259
plantview__langdon_4__12-03-24,W26-W27,15,7,223,0.6188629175535858
plantview__langdon_4__12-03-24,W27-W28,8,0,224,0.880886019554395
plantview__langdon_4__12-03-24,W27-W28,9,1,225,0.8754828086596762
plantview__langdon_4__12-03-24,W27-W28,10,2,226,0.8690451647719147
plantview__langdon_4__12-03-24,W27-W28,11,3,227,0.863977082707329
plantview__langdon_4__12-03-24,W27-W28,12,4,228,0.8539576355311975
plantview__langdon_4__12-03-24,W27-W28,13,5,229,0.8533469414742831
plantview__langdon_4__12-03-24,W27-W28,14,6,230,0.8587808108143313
plantview__langdon_4__12-03-24,W27-W28,15,7,231,0.8675040612920679
plantview__langdon_4__12-03-24,W28-W29,8,0,232,0.7651042506769552
plantview__langdon_4__12-03-24,W28-W29,9,1,233,0.7516800432247922
plantview__langdon_4__12-03-24,W28-W29,10,2,234,0.7408735588057218
plantview__langdon_4__12-03-24,W28-W29,11,3,235,0.7520933337937039
plantview__langdon_4__12-03-24,W28-W29,12,4,236,0.7551106642499014
plantview__langdon_4__12-03-24,W28-W29,13,5,237,0.7744677045591208
plantview__langdon_4__12-03-24,W28-W29,14,6,238,0.7795913731073315
plantview__langdon_4__12-03-24,W28-W29,15,7,239,0.7930274464638307
plantview__langdon_4__12-03-24,W29-W30,8,0,240,0.6736688584111712
plantview__langdon_4__12-03-24,W29-W30,9,1,241,0.6814736117663236
plantview__langdon_4__12-03-24,W29-W30,10,2,242,0.6800465069580387
plantview__langdon_4__12-03-24,W29-W30,11,3,243,0.677441371653207
plantview__langdon_4__12-03-24,W29-W30,12,4,244,0.6813026970851885
plantview__langdon_4__12-03-24,W29-W30,13,5,245,0.6838166599978015
plantview__langdon_4__12-03-24,W29-W30,14,6,246,0.6867940001763723
plantview__langdon_4__12-03-24,W29-W30,15,7,247,0.6821490165182592
plantview__langdon_4__12-03-24,W30-W31,8,0,248,0.6607956492863192
plantview__langdon_4__12-03-24,W30-W31,9,1,249,0.6540942944455679
plantview__langdon_4__12-03-24,W30-W31,10,2,250,0.6542015588838603
plantview__langdon_4__12-03-24,W30-W31,11,3,251,0.6565061603879274
plantview__langdon_4__12-03-24,W30-W31,12,4,252,0.6322056403937181
plantview__langdon_4__12-03-24,W30-W31,13,5,253,0.625187052361949
plantview__langdon_4__12-03-24,W30-W31,14,6,254,0.6066491867751067
plantview__langdon_4__12-03-24,W30-W31,15,7,255,0.6053739836685271
plantview__langdon_4__12-03-24,W31-W32,8,0,256,0.8584638424462294
plantview__langdon_4__12-03-24,W31-W32,9,1,257,0.8487815429893526
plantview__langdon_4__12-03-24,W31-W32,10,2,258,0.8474889046032157
plantview__langdon_4__12-03-24,W31-W32,11,3,259,0.8414077912646771
plantview__langdon_4__12-03-24,W31-W32,12,4,260,0.8389276275251458
plantview__langdon_4__12-03-24,W31-W32,13,5,261,0.8372687135823274
plantview__langdon_4__12-03-24,W31-W32,14,6,262,0.8417154203680787
plantview__langdon_4__12-03-24,W31-W32,15,7,263,0.8330474420300255
plantview__langdon_4__12-03-24,W32-W33,11,3,267,0.7933297384013966
plantview__langdon_4__12-03-24,W32-W33,12,4,268,0.7993147459459127
plantview__langdon_4__12-03-24,W32-W33,13,5,269,0.8191437288174979
plantview__langdon_4__12-03-24,W32-W33,14,6,270,0.8155527182734941
plantview__langdon_4__12-03-24,W32-W33,15,7,271,0.815872222610735
plantview__langdon_4__12-03-24,W33-W34,8,0,272,0.6714103087918332
plantview__langdon_4__12-03-24,W33-W34,9,1,273,0.6669771336425295
plantview__langdon_4__12-03-24,W33-W34,10,2,274,0.6601704700364122
plantview__langdon_4__12-03-24,W33-W34,11,3,275,0.6609178702708634
plantview__langdon_4__12-03-24,W33-W34,12,4,276,0.6526902225714639
plantview__langdon_4__12-03-24,W33-W34,13,5,277,0.6502847557835557
plantview__langdon_4__12-03-24,W33-W34,14,6,278,0.6595128658176624
plantview__langdon_4__12-03-24,W33-W34,15,7,279,0.6603008123300008
plantview__langdon_4__12-03-24,W34-W35,9,1,281,0.6573376608918531
plantview__langdon_4__12-03-24,W34-W35,10,2,282,0.6524200058020807
plantview__langdon_4__12-03-24,W34-W35,11,3,283,0.6417100659583321
plantview__langdon_4__12-03-24,W34-W35,12,4,284,0.6358589098711456
plantview__langdon_4__12-03-24,W34-W35,13,5,285,0.615285195942818
plantview__langdon_4__12-03-24,W34-W35,15,7,287,0.5807054130836693
plantview__langdon_4__12-03-24,W35-W36,8,0,288,0.9029556290763914
plantview__langdon_4__12-03-24,W35-W36,9,1,289,0.8981003608556256
plantview__langdon_4__12-03-24,W35-W36,10,2,290,0.8893844195501099
plantview__langdon_4__12-03-24,W35-W36,11,3,291,0.8822878483447003
plantview__langdon_4__12-03-24,W35-W36,12,4,292,0.8756563065567345
plantview__langdon_4__12-03-24,W35-W36,13,5,293,0.8746086083104296
plantview__langdon_4__12-03-24,W35-W36,14,6,294,0.8801444287001688
plantview__langdon_4__12-03-24,W35-W36,15,7,295,0.8630385852676004
plantview__langdon_4__12-03-24,W36-W37,8,0,296,0.791335196578298
plantview__langdon_4__12-03-24,W36-W37,9,1,297,0.7777588065490408
plantview__langdon_4__12-03-24,W36-W37,10,2,298,0.7668206123020385
plantview__langdon_4__12-03-24,W36-W37,11,3,299,0.7666654492953193
plantview__langdon_4__12-03-24,W36-W37,12,4,300,0.7687815515908463
plantview__langdon_4__12-03-24,W36-W37,13,5,301,0.7775641256884969
plantview__langdon_4__12-03-24,W36-W37,14,6,302,0.7916311680589201
plantview__langdon_4__12-03-24,W36-W37,15,7,303,0.7961061667110658
plantview__langdon_4__12-03-24,W37-W38,8,0,304,0.6618183201553488
plantview__langdon_4__12-03-24,W37-W38,9,1,305,0.6572011964492832
plantview__langdon_4__12-03-24,W37-W38,10,2,306,0.6482820171538783
plantview__langdon_4__12-03-24,W37-W38,11,3,307,0.6485194248982447
plantview__langdon_4__12-03-24,W37-W38,12,4,308,0.6429660293484156
plantview__langdon_4__12-03-24,W37-W38,13,5,309,0.6510090240883002
plantview__langdon_4__12-03-24,W37-W38,14,6,310,0.6501610400416349
plantview__langdon_4__12-03-24,W37-W38,15,7,311,0.6495639735920762
plantview__langdon_4__15-04-24,W0-W1,8,0,8,0.7983251982187513
plantview__langdon_4__15-04-24,W0-W1,9,1,9,0.7815346039460166
plantview__langdon_4__15-04-24,W0-W1,10,2,10,0.7655228820999973
plantview__langdon_4__15-04-24,W0-W1,11,3,11,0.7748096811941318
plantview__langdon_4__15-04-24,W0-W1,12,4,12,0.7877116625604395
plantview__langdon_4__15-04-24,W0-W1,13,5,13,0.7804772503289641
plantview__langdon_4__15-04-24,W0-W1,14,6,14,0.8020197065493144
plantview__langdon_4__15-04-24,W0-W1,15,7,15,0.8071432166487708
plantview__langdon_4__15-04-24,W1-W2,8,0,16,0.8311336432975935
plantview__langdon_4__15-04-24,W1-W2,9,1,17,0.8451492234645674
plantview__langdon_4__15-04-24,W1-W2,10,2,18,0.848181500620526
plantview__langdon_4__15-04-24,W1-W2,11,3,19,0.8513068331719347
plantview__langdon_4__15-04-24,W1-W2,12,4,20,0.8516465836127058
plantview__langdon_4__15-04-24,W1-W2,13,5,21,0.8518592258681486
plantview__langdon_4__15-04-24,W1-W2,14,6,22,0.8533781995408337
plantview__langdon_4__15-04-24,W1-W2,15,7,23,0.8599618722492863
plantview__langdon_4__15-04-24,W2-W3,8,0,24,0.703079513421639
plantview__langdon_4__15-04-24,W2-W3,10,2,26,0.6836936496769415
plantview__langdon_4__15-04-24,W2-W3,12,4,28,0.6592228186172759
plantview__langdon_4__15-04-24,W2-W3,14,6,30,0.6851353965059847
plantview__langdon_4__15-04-24,W2-W3,15,7,31,0.6951539435672163
plantview__langdon_4__15-04-24,W3-W4,8,0,32,0.9520310912763048
plantview__langdon_4__15-04-24,W3-W4,9,1,33,0.9451784495071602
plantview__langdon_4__15-04-24,W3-W4,10,2,34,0.9473822402680642
plantview__langdon_4__15-04-24,W3-W4,11,3,35,0.951256613636727
plantview__langdon_4__15-04-24,W3-W4,12,4,36,0.9517869934464158
plantview__langdon_4__15-04-24,W3-W4,13,5,37,0.954909977617117
plantview__langdon_4__15-04-24,W3-W4,14,6,38,0.9598418642156348
plantview__langdon_4__15-04-24,W3-W4,15,7,39,0.9638350423202369
plantview__langdon_4__15-04-24,W4-W5,8,0,40,0.7814896990311804
plantview__langdon_4__15-04-24,W4-W5,9,1,41,0.7837481943207592
plantview__langdon_4__15-04-24,W4-W5,10,2,42,0.8006963750393767
plantview__langdon_4__15-04-24,W4-W5,11,3,43,0.8027048062226908
plantview__langdon_4__15-04-24,W4-W5,12,4,44,0.7834523986696978
plantview__langdon_4__15-04-24,W4-W5,13,5,45,0.7795811490509879
plantview__langdon_4__15-04-24,W4-W5,14,6,46,0.7588464436318042
plantview__langdon_4__15-04-24,W4-W5,15,7,47,0.7618015378614704
plantview__langdon_4__15-04-24,W5-W6,8,0,48,0.8742435549678182
plantview__langdon_4__15-04-24,W5-W6,9,1,49,0.8710763511733401
plantview__langdon_4__15-04-24,W5-W6,10,2,50,0.8740393210362538
plantview__langdon_4__15-04-24,W5-W6,11,3,51,0.8842958174149438
plantview__langdon_4__15-04-24,W5-W6,12,4,52,0.8889290830841421
plantview__langdon_4__15-04-24,W5-W6,13,5,53,0.8904001152584373
plantview__langdon_4__15-04-24,W5-W6,14,6,54,0.8905324639979366
plantview__langdon_4__15-04-24,W5-W6,15,7,55,0.8965873929127801
plantview__langdon_4__15-04-24,W6-W7,8,0,56,0.7285296814826833
plantview__langdon_4__15-04-24,W6-W7,9,1,57,0.7145229195848497
plantview__langdon_4__15-04-24,W6-W7,10,2,58,0.701849668323455
plantview__langdon_4__15-04-24,W6-W7,11,3,59,0.6748034085408524
plantview__langdon_4__15-04-24,W6-W7,12,4,60,0.6689188008199234
plantview__langdon_4__15-04-24,W6-W7,13,5,61,0.6504562747291671
plantview__langdon_4__15-04-24,W6-W7,14,6,62,0.6834389356800998
plantview__langdon_4__15-04-24,W6-W7,15,7,63,0.7012114077608351
plantview__langdon_4__15-04-24,W7-W8,8,0,64,0.9716812043585169
plantview__langdon_4__15-04-24,W7-W8,9,1,65,0.9630946313209532
plantview__langdon_4__15-04-24,W7-W8,10,2,66,0.951460287793412
plantview__langdon_4__15-04-24,W7-W8,11,3,67,0.9493790214992417
plantview__langdon_4__15-04-24,W7-W8,12,4,68,0.9574691274727409
plantview__langdon_4__15-04-24,W7-W8,13,5,69,0.9621784573420555
plantview__langdon_4__15-04-24,W7-W8,14,6,70,0.9702608449332883
plantview__langdon_4__15-04-24,W7-W8,15,7,71,0.9754641281248014
plantview__langdon_4__15-04-24,W8-W9,8,0,72,0.7825538913040022
plantview__langdon_4__15-04-24,W8-W9,9,1,73,0.7884457784496465
plantview__langdon_4__15-04-24,W8-W9,10,2,74,0.7955245123262134
plantview__langdon_4__15-04-24,W8-W9,11,3,75,0.7938261275974342
plantview__langdon_4__15-04-24,W8-W9,12,4,76,0.7979311889030136
plantview__langdon_4__15-04-24,W8-W9,13,5,77,0.7961212546197824
plantview__langdon_4__15-04-24,W8-W9,14,6,78,0.7815632094366973
plantview__langdon_4__15-04-24,W8-W9,15,7,79,0.7731987271559404
plantview__langdon_4__15-04-24,W9-W10,8,0,80,0.8599161117446882
plantview__langdon_4__15-04-24,W9-W10,9,1,81,0.8561843353035041
plantview__langdon_4__15-04-24,W9-W10,10,2,82,0.8611401566872663
plantview__langdon_4__15-04-24,W9-W10,11,3,83,0.8700451448964909
plantview__langdon_4__15-04-24,W9-W10,12,4,84,0.8649474853759713
plantview__langdon_4__15-04-24,W9-W10,13,5,85,0.863355268631887
plantview__langdon_4__15-04-24,W9-W10,14,6,86,0.8744653845926795
plantview__langdon_4__15-04-24,W9-W10,15,7,87,0.8793147746957674
plantview__langdon_4__15-04-24,W10-W11,8,0,88,0.6913310143587816
plantview__langdon_4__15-04-24,W10-W11,9,1,89,0.6773028977037217
plantview__langdon_4__15-04-24,W10-W11,10,2,90,0.673281625388786
plantview__langdon_4__15-04-24,W10-W11,11,3,91,0.6625472972429782
plantview__langdon_4__15-04-24,W10-W11,12,4,92,0.6502712910762516
plantview__langdon_4__15-04-24,W10-W11,13,5,93,0.633017248392922
plantview__langdon_4__15-04-24,W10-W11,14,6,94,0.6911096522187161
plantview__langdon_4__15-04-24,W10-W11,15,7,95,0.7012466510582032
plantview__langdon_4__15-04-24,W11-W12,8,0,96,0.9898717758950657
plantview__langdon_4__15-04-24,W11-W12,9,1,97,0.9794096694986092
plantview__langdon_4__15-04-24,W11-W12,10,2,98,0.9765817532837613
plantview__langdon_4__15-04-24,W11-W12,11,3,99,0.9708263953182884
plantview__langdon_4__15-04-24,W11-W12,12,4,100,0.9833435051502647
plantview__langdon_4__15-04-24,W11-W12,13,5,101,0.9880468557139415
plantview__langdon_4__15-04-24,W11-W12,14,6,102,0.989184118909427
plantview__langdon_4__15-04-24,W11-W12,15,7,103,0.9949464824261673
plantview__langdon_4__15-04-24,W12-W13,8,0,104,0.8126730485615088
plantview__langdon_4__15-04-24,W12-W13,9,1,105,0.812128170659624
plantview__langdon_4__15-04-24,W12-W13,10,2,106,0.8147658066412111
plantview__langdon_4__15-04-24,W12-W13,11,3,107,0.8248295679798712
plantview__langdon_4__15-04-24,W12-W13,12,4,108,0.8232052893664039
plantview__langdon_4__15-04-24,W12-W13,13,5,109,0.828739681919553
plantview__langdon_4__15-04-24,W12-W13,14,6,110,0.8209541181443178
plantview__langdon_4__15-04-24,W12-W13,15,7,111,0.8167649319490462
plantview__langdon_4__15-04-24,W13-W14,8,0,112,0.884149772409122
plantview__langdon_4__15-04-24,W13-W14,9,1,113,0.8875570595789437
plantview__langdon_4__15-04-24,W13-W14,10,2,114,0.8837027912068633
plantview__langdon_4__15-04-24,W13-W14,11,3,115,0.8883071303174955
plantview__langdon_4__15-04-24,W13-W14,12,4,116,0.8836825063120204
plantview__langdon_4__15-04-24,W13-W14,13,5,117,0.8845817135246655
plantview__langdon_4__15-04-24,W13-W14,14,6,118,0.8897544268629551
plantview__langdon_4__15-04-24,W13-W14,15,7,119,0.9045400488618615
plantview__langdon_4__15-04-24,W14-W15,8,0,120,0.6860955141445595
plantview__langdon_4__15-04-24,W14-W15,9,1,121,0.6735959330747792
plantview__langdon_4__15-04-24,W14-W15,10,2,122,0.6653452709015882
plantview__langdon_4__15-04-24,W14-W15,11,3,123,0.6579126139169932
plantview__langdon_4__15-04-24,W14-W15,12,4,124,0.6544267139848539
plantview__langdon_4__15-04-24,W14-W15,13,5,125,0.6670609229654005
plantview__langdon_4__15-04-24,W14-W15,14,6,126,0.6668446733070554
plantview__langdon_4__15-04-24,W14-W15,15,7,127,0.6605157987389845
plantview__langdon_4__15-04-24,W15-W16,8,0,128,1.0248218979344492
plantview__langdon_4__15-04-24,W15-W16,9,1,129,1.0004793490386836
plantview__langdon_4__15-04-24,W15-W16,10,2,130,0.9930222831563942
plantview__langdon_4__15-04-24,W15-W16,11,3,131,0.9894809393842211
plantview__langdon_4__15-04-24,W15-W16,12,4,132,0.9950198113655251
plantview__langdon_4__15-04-24,W15-W16,13,5,133,0.9974343070964629
plantview__langdon_4__15-04-24,W15-W16,14,6,134,1.0030354518576252
plantview__langdon_4__15-04-24,W15-W16,15,7,135,1.0094566085660353
plantview__langdon_4__15-04-24,W16-W17,8,0,136,0.7857229306973608
plantview__langdon_4__15-04-24,W16-W17,9,1,137,0.7841224463025434
plantview__langdon_4__15-04-24,W16-W17,10,2,138,0.7966797963335841
plantview__langdon_4__15-04-24,W16-W17,11,3,139,0.8050694402323124
plantview__langdon_4__15-04-24,W16-W17,12,4,140,0.8017087824458486
plantview__langdon_4__15-04-24,W16-W17,13,5,141,0.7984606085223853
plantview__langdon_4__15-04-24,W16-W17,14,6,142,0.7822335556058521
plantview__langdon_4__15-04-24,W16-W17,15,7,143,0.7844025075817416
plantview__langdon_4__15-04-24,W17-W18,8,0,144,0.8892780256232649
plantview__langdon_4__15-04-24,W17-W18,9,1,145,0.8911524834620542
plantview__langdon_4__15-04-24,W17-W18,10,2,146,0.8883237290209977
plantview__langdon_4__15-04-24,W17-W18,11,3,147,0.8884772429121857
plantview__langdon_4__15-04-24,W17-W18,12,4,148,0.8941414176030531
plantview__langdon_4__15-04-24,W17-W18,13,5,149,0.8979783733702975
plantview__langdon_4__15-04-24,W17-W18,14,6,150,0.9046549696298202
plantview__langdon_4__15-04-24,W17-W18,15,7,151,0.9208258554019434
plantview__langdon_4__15-04-24,W18-W19,8,0,152,0.7477451080943174
plantview__langdon_4__15-04-24,W18-W19,9,1,153,0.7254677047427902
plantview__langdon_4__15-04-24,W18-W19,10,2,154,0.7187616953596062
plantview__langdon_4__15-04-24,W18-W19,11,3,155,0.7034565167636728
plantview__langdon_4__15-04-24,W18-W19,12,4,156,0.6922050627383007
plantview__langdon_4__15-04-24,W18-W19,13,5,157,0.6913876046432479
plantview__langdon_4__15-04-24,W18-W19,14,6,158,0.7174830386161513
plantview__langdon_4__15-04-24,W18-W19,15,7,159,0.7214290950159576
plantview__langdon_4__15-04-24,W19-W20,8,0,160,0.9874818661784903
plantview__langdon_4__15-04-24,W19-W20,9,1,161,0.9770581700397492
plantview__langdon_4__15-04-24,W19-W20,10,2,162,0.9728185860307199
plantview__langdon_4__15-04-24,W19-W20,11,3,163,0.9755357117651666
plantview__langdon_4__15-04-24,W19-W20,12,4,164,0.9801803402920142
plantview__langdon_4__15-04-24,W19-W20,13,5,165,0.9886356043005098
plantview__langdon_4__15-04-24,W19-W20,14,6,166,0.9970434110442923
plantview__langdon_4__15-04-24,W19-W20,15,7,167,1.0012378806748568
plantview__langdon_4__15-04-24,W20-W21,8,0,168,0.8354639554539454
plantview__langdon_4__15-04-24,W20-W21,9,1,169,0.8238310320486741
plantview__langdon_4__15-04-24,W20-W21,10,2,170,0.8421847915092535
plantview__langdon_4__15-04-24,W20-W21,11,3,171,0.8476457853075529
plantview__langdon_4__15-04-24,W20-W21,12,4,172,0.8479947988198249
plantview__langdon_4__15-04-24,W20-W21,13,5,173,0.830225047779337
plantview__langdon_4__15-04-24,W20-W21,14,6,174,0.8311461115409957
plantview__langdon_4__15-04-24,W20-W21,15,7,175,0.8230614530253637
plantview__langdon_4__15-04-24,W21-W22,8,0,176,0.8775758445256903
plantview__langdon_4__15-04-24,W21-W22,9,1,177,0.8829289283542284
plantview__langdon_4__15-04-24,W21-W22,10,2,178,0.8840340167956177
plantview__langdon_4__15-04-24,W21-W22,11,3,179,0.888857231498993
plantview__langdon_4__15-04-24,W21-W22,12,4,180,0.8964076434721095
plantview__langdon_4__15-04-24,W21-W22,13,5,181,0.902906469442299
plantview__langdon_4__15-04-24,W21-W22,14,6,182,0.9064614530929813
plantview__langdon_4__15-04-24,W21-W22,15,7,183,0.92719026133667
plantview__langdon_4__15-04-24,W22-W23,8,0,184,0.7855716711305955
plantview__langdon_4__15-04-24,W22-W23,9,1,185,0.7771340143942662
plantview__langdon_4__15-04-24,W22-W23,10,2,186,0.7683065066787731
plantview__langdon_4__15-04-24,W22-W23,11,3,187,0.751697559058954
plantview__langdon_4__15-04-24,W22-W23,12,4,188,0.7467217701192976
plantview__langdon_4__15-04-24,W22-W23,13,5,189,0.7491706993459029
plantview__langdon_4__15-04-24,W22-W23,14,6,190,0.755715006629613
plantview__langdon_4__15-04-24,W22-W23,15,7,191,0.7771029868198069
plantview__langdon_4__15-04-24,W23-W24,8,0,192,0.9602545296732009
plantview__langdon_4__15-04-24,W23-W24,9,1,193,0.9581289402740047
plantview__langdon_4__15-04-24,W23-W24,10,2,194,0.9578034700487421
plantview__langdon_4__15-04-24,W23-W24,11,3,195,0.9599886835235837
plantview__langdon_4__15-04-24,W23-W24,12,4,196,0.9606127417327404
plantview__langdon_4__15-04-24,W23-W24,13,5,197,0.9623532865674579
plantview__langdon_4__15-04-24,W23-W24,15,7,199,0.9681766915915231
plantview__langdon_4__15-04-24,W24-W25,8,0,200,0.8159568730897071
plantview__langdon_4__15-04-24,W24-W25,9,1,201,0.8078336584420476
plantview__langdon_4__15-04-24,W24-W25,10,2,202,0.8028563971577605
plantview__langdon_4__15-04-24,W24-W25,11,3,203,0.8082759781148052
plantview__langdon_4__15-04-24,W24-W25,12,4,204,0.8101512431521553
plantview__langdon_4__15-04-24,W24-W25,13,5,205,0.8045505833845578
plantview__langdon_4__15-04-24,W24-W25,14,6,206,0.7818138162063066
plantview__langdon_4__15-04-24,W24-W25,15,7,207,0.7973188620676563
plantview__langdon_4__15-04-24,W25-W26,8,0,208,0.881358598387987
plantview__langdon_4__15-04-24,W25-W26,9,1,209,0.8808832757751854
plantview__langdon_4__15-04-24,W25-W26,10,2,210,0.8900002140208719
plantview__langdon_4__15-04-24,W25-W26,11,3,211,0.8891706339679217
plantview__langdon_4__15-04-24,W25-W26,12,4,212,0.8970974972787692
plantview__langdon_4__15-04-24,W25-W26,13,5,213,0.906701276325094
plantview__langdon_4__15-04-24,W25-W26,14,6,214,0.9207395043144588
plantview__langdon_4__15-04-24,W25-W26,15,7,215,0.9328489088589735
plantview__langdon_4__15-04-24,W26-W27,8,0,216,0.7472851990944418
plantview__langdon_4__15-04-24,W26-W27,9,1,217,0.7465663876298969
plantview__langdon_4__15-04-24,W26-W27,10,2,218,0.7376830852906618
plantview__langdon_4__15-04-24,W26-W27,11,3,219,0.7243163201865934
plantview__langdon_4__15-04-24,W26-W27,12,4,220,0.7202395918282785
plantview__langdon_4__15-04-24,W26-W27,13,5,221,0.7124865411928796
plantview__langdon_4__15-04-24,W26-W27,14,6,222,0.7193749644989533
plantview__langdon_4__15-04-24,W26-W27,15,7,223,0.7296488021466254
plantview__langdon_4__15-04-24,W27-W28,8,0,224,0.9504958421222964
plantview__langdon_4__15-04-24,W27-W28,9,1,225,0.950461589714104
plantview__langdon_4__15-04-24,W27-W28,10,2,226,0.950959259534808
plantview__langdon_4__15-04-24,W27-W28,11,3,227,0.9592756542292519
plantview__langdon_4__15-04-24,W27-W28,12,4,228,0.9671586832156902
plantview__langdon_4__15-04-24,W27-W28,13,5,229,0.9702438956958228
plantview__langdon_4__15-04-24,W27-W28,14,6,230,0.9765456999558085
plantview__langdon_4__15-04-24,W27-W28,15,7,231,0.98243182464405
plantview__langdon_4__15-04-24,W28-W29,9,1,233,0.8011673657204352
plantview__langdon_4__15-04-24,W28-W29,11,3,235,0.8138375563003158
plantview__langdon_4__15-04-24,W28-W29,12,4,236,0.8207038719599562
plantview__langdon_4__15-04-24,W28-W29,13,5,237,0.8079892211797595
plantview__langdon_4__15-04-24,W28-W29,14,6,238,0.7962031085723661
plantview__langdon_4__15-04-24,W28-W29,15,7,239,0.8091697164920852
plantview__langdon_4__15-04-24,W29-W30,8,0,240,0.8803480016999539
plantview__langdon_4__15-04-24,W29-W30,9,1,241,0.8823528361205952
plantview__langdon_4__15-04-24,W29-W30,10,2,242,0.8896311626222004
plantview__langdon_4__15-04-24,W29-W30,11,3,243,0.8960568457398412
plantview__langdon_4__15-04-24,W29-W30,12,4,244,0.903165334811338
plantview__langdon_4__15-04-24,W29-W30,13,5,245,0.9079177985855489
plantview__langdon_4__15-04-24,W29-W30,14,6,246,0.9115095177407828
plantview__langdon_4__15-04-24,W29-W30,15,7,247,0.9208904941178673
plantview__langdon_4__15-04-24,W30-W31,8,0,248,0.7627355480637955
plantview__langdon_4__15-04-24,W30-W31,9,1,249,0.750209920993762
plantview__langdon_4__15-04-24,W30-W31,10,2,250,0.7474316064493556
plantview__langdon_4__15-04-24,W30-W31,11,3,251,0.7303772721797686
plantview__langdon_4__15-04-24,W30-W31,12,4,252,0.7045106873925531
plantview__langdon_4__15-04-24,W30-W31,13,5,253,0.6845260000675131
plantview__langdon_4__15-04-24,W30-W31,14,6,254,0.7007474655463415
plantview__langdon_4__15-04-24,W30-W31,15,7,255,0.7232980756388094
plantview__langdon_4__15-04-24,W31-W32,8,0,256,0.946882821856633
plantview__langdon_4__15-04-24,W31-W32,9,1,257,0.9461678091203691
plantview__langdon_4__15-04-24,W31-W32,10,2,258,0.9453629658683347
plantview__langdon_4__15-04-24,W31-W32,11,3,259,0.9519639771328438
plantview__langdon_4__15-04-24,W31-W32,12,4,260,0.9552101657578904
plantview__langdon_4__15-04-24,W31-W32,13,5,261,0.9572754402316279
plantview__langdon_4__15-04-24,W31-W32,14,6,262,0.9614674487526048
plantview__langdon_4__15-04-24,W31-W32,15,7,263,0.9640900350728892
plantview__langdon_4__15-04-24,W32-W33,8,0,264,0.7732750490337557
plantview__langdon_4__15-04-24,W32-W33,10,2,266,0.7790172440727947
plantview__langdon_4__15-04-24,W32-W33,12,4,268,0.795121980134758
plantview__langdon_4__15-04-24,W32-W33,13,5,269,0.785363020882222
plantview__langdon_4__15-04-24,W32-W33,14,6,270,0.7364573139762036
plantview__langdon_4__15-04-24,W33-W34,8,0,272,0.8701034398495795
plantview__langdon_4__15-04-24,W33-W34,9,1,273,0.8812051278697549
plantview__langdon_4__15-04-24,W33-W34,10,2,274,0.8818588209327111
plantview__langdon_4__15-04-24,W33-W34,11,3,275,0.8947646180731588
plantview__langdon_4__15-04-24,W33-W34,12,4,276,0.8973408667511276
plantview__langdon_4__15-04-24,W33-W34,13,5,277,0.8981251533197454
plantview__langdon_4__15-04-24,W33-W34,14,6,278,0.9093007348437456
plantview__langdon_4__15-04-24,W33-W34,15,7,279,0.920546960160417
plantview__langdon_4__15-04-24,W34-W35,9,1,281,0.7454127837561136
plantview__langdon_4__15-04-24,W34-W35,12,4,284,0.7113399153395323
plantview__langdon_4__15-04-24,W34-W35,13,5,285,0.6988852616899369
plantview__langdon_4__15-04-24,W34-W35,14,6,286,0.711231632872073
plantview__langdon_4__15-04-24,W34-W35,15,7,287,0.7317893393180955
plantview__langdon_4__15-04-24,W35-W36,8,0,288,0.9485550471576734
plantview__langdon_4__15-04-24,W35-W36,9,1,289,0.9480919647488064
plantview__langdon_4__15-04-24,W35-W36,10,2,290,0.9472323647334011
plantview__langdon_4__15-04-24,W35-W36,11,3,291,0.9510386850498942
plantview__langdon_4__15-04-24,W35-W36,12,4,292,0.9566040674298537
plantview__langdon_4__15-04-24,W35-W36,13,5,293,0.9639647684349502
plantview__langdon_4__15-04-24,W35-W36,14,6,294,0.9718759282435976
plantview__langdon_4__15-04-24,W35-W36,15,7,295,0.976886584636529
plantview__langdon_4__15-04-24,W36-W37,8,0,296,0.7869000760395792
plantview__langdon_4__15-04-24,W36-W37,9,1,297,0.7689344989327223
plantview__langdon_4__15-04-24,W36-W37,10,2,298,0.7757858979122934
plantview__langdon_4__15-04-24,W36-W37,11,3,299,0.7713952800360191
plantview__langdon_4__15-04-24,W36-W37,12,4,300,0.7708231739305227
plantview__langdon_4__15-04-24,W36-W37,13,5,301,0.7624416353501806
plantview__langdon_4__15-04-24,W36-W37,14,6,302,0.7189452279576033
plantview__langdon_4__15-04-24,W36-W37,15,7,303,0.7191495322311192
plantview__langdon_4__15-04-24,W37-W38,8,0,304,0.8754061119642315
plantview__langdon_4__15-04-24,W37-W38,9,1,305,0.8765125869467164
plantview__langdon_4__15-04-24,W37-W38,10,2,306,0.880729610982391
plantview__langdon_4__15-04-24,W37-W38,11,3,307,0.8864758579347449
plantview__langdon_4__15-04-24,W37-W38,12,4,308,0.8920636484256019
plantview__langdon_4__15-04-24,W37-W38,13,5,309,0.8960280095401947
plantview__langdon_4__15-04-24,W37-W38,14,6,310,0.8957622822897358
plantview__langdon_4__15-04-24,W37-W38,15,7,311,0.9082265601694186
plantview__langdon_4__19-03-24,W0-W1,8,0,8,0.7956346087331021
plantview__langdon_4__19-03-24,W0-W1,9,1,9,0.7834657769290696
plantview__langdon_4__19-03-24,W0-W1,10,2,10,0.7884312152584659
plantview__langdon_4__19-03-24,W0-W1,11,3,11,0.8017092018854937
plantview__langdon_4__19-03-24,W0-W1,12,4,12,0.8088591319084182
plantview__langdon_4__19-03-24,W0-W1,13,5,13,0.8221126195029352
plantview__langdon_4__19-03-24,W0-W1,14,6,14,0.8190120174495417
plantview__langdon_4__19-03-24,W0-W1,15,7,15,0.821383318785494
plantview__langdon_4__19-03-24,W1-W2,8,0,16,0.6330079018917563
plantview__langdon_4__19-03-24,W1-W2,9,1,17,0.6300126304444135
plantview__langdon_4__19-03-24,W1-W2,10,2,18,0.6438330205287132
plantview__langdon_4__19-03-24,W1-W2,11,3,19,0.6406440877825156
plantview__langdon_4__19-03-24,W1-W2,12,4,20,0.6428893837173655
plantview__langdon_4__19-03-24,W1-W2,13,5,21,0.6467785517503901
plantview__langdon_4__19-03-24,W1-W2,14,6,22,0.6513486707874047
plantview__langdon_4__19-03-24,W1-W2,15,7,23,0.6546186121622759
plantview__langdon_4__19-03-24,W2-W3,8,0,24,0.7123361455696524
plantview__langdon_4__19-03-24,W2-W3,9,1,25,0.7117413076860213
plantview__langdon_4__19-03-24,W2-W3,10,2,26,0.7098620577483676
plantview__langdon_4__19-03-24,W2-W3,11,3,27,0.7068383412112318
plantview__langdon_4__19-03-24,W2-W3,12,4,28,0.7050302169311408
plantview__langdon_4__19-03-24,W2-W3,13,5,29,0.7019366492895323
plantview__langdon_4__19-03-24,W2-W3,14,6,30,0.6868900841631735
plantview__langdon_4__19-03-24,W2-W3,15,7,31,0.6840877960476466
plantview__langdon_4__19-03-24,W3-W4,8,0,32,0.8207189762281717
plantview__langdon_4__19-03-24,W3-W4,9,1,33,0.8104573659051713
plantview__langdon_4__19-03-24,W3-W4,10,2,34,0.8000583564008956
plantview__langdon_4__19-03-24,W3-W4,11,3,35,0.7971482189353647
plantview__langdon_4__19-03-24,W3-W4,12,4,36,0.7921820698310258
plantview__langdon_4__19-03-24,W3-W4,13,5,37,0.7908732210873483
plantview__langdon_4__19-03-24,W3-W4,14,6,38,0.7890244910714856
plantview__langdon_4__19-03-24,W3-W4,15,7,39,0.7678660886141737
plantview__langdon_4__19-03-24,W4-W5,8,0,40,0.7755650352812531
plantview__langdon_4__19-03-24,W4-W5,9,1,41,0.7562280339980858
plantview__langdon_4__19-03-24,W4-W5,10,2,42,0.7770436024327108
plantview__langdon_4__19-03-24,W4-W5,11,3,43,0.7976661316813489
plantview__langdon_4__19-03-24,W4-W5,12,4,44,0.8096416770831993
plantview__langdon_4__19-03-24,W4-W5,13,5,45,0.8271651960915513
plantview__langdon_4__19-03-24,W4-W5,14,6,46,0.8272027243046403
plantview__langdon_4__19-03-24,W4-W5,15,7,47,0.8263931717125417
plantview__langdon_4__19-03-24,W5-W6,8,0,48,0.6266268241974737
plantview__langdon_4__19-03-24,W5-W6,9,1,49,0.6264263907846404
plantview__langdon_4__19-03-24,W5-W6,10,2,50,0.6331304884685927
plantview__langdon_4__19-03-24,W5-W6,11,3,51,0.6300093902360842
plantview__langdon_4__19-03-24,W5-W6,12,4,52,0.6376356203915299
plantview__langdon_4__19-03-24,W5-W6,13,5,53,0.6404770600597862
plantview__langdon_4__19-03-24,W5-W6,14,6,54,0.6445658839335425
plantview__langdon_4__19-03-24,W5-W6,15,7,55,0.6542611648664765
plantview__langdon_4__19-03-24,W6-W7,8,0,56,0.7351988255041734
plantview__langdon_4__19-03-24,W6-W7,9,1,57,0.7271204290380622
plantview__langdon_4__19-03-24,W6-W7,10,2,58,0.7258617086836674
plantview__langdon_4__19-03-24,W6-W7,11,3,59,0.7313555403370973
plantview__langdon_4__19-03-24,W6-W7,12,4,60,0.7130897907337652
plantview__langdon_4__19-03-24,W6-W7,13,5,61,0.6940053755994493
plantview__langdon_4__19-03-24,W6-W7,14,6,62,0.6653442496741226
plantview__langdon_4__19-03-24,W6-W7,15,7,63,0.6655953045607046
plantview__langdon_4__19-03-24,W7-W8,8,0,64,0.8635432145139039
plantview__langdon_4__19-03-24,W7-W8,9,1,65,0.8510119709019683
plantview__langdon_4__19-03-24,W7-W8,10,2,66,0.8407105073492944
plantview__langdon_4__19-03-24,W7-W8,11,3,67,0.82682811602682
plantview__langdon_4__19-03-24,W7-W8,12,4,68,0.8126964108460497
plantview__langdon_4__19-03-24,W7-W8,13,5,69,0.8150966072005873
plantview__langdon_4__19-03-24,W7-W8,14,6,70,0.8136187623612754
plantview__langdon_4__19-03-24,W7-W8,15,7,71,0.8122301580554088
plantview__langdon_4__19-03-24,W8-W9,8,0,72,0.7335765544159811
plantview__langdon_4__19-03-24,W8-W9,9,1,73,0.7393566484275098
plantview__langdon_4__19-03-24,W8-W9,10,2,74,0.7322503303201764
plantview__langdon_4__19-03-24,W8-W9,11,3,75,0.7447707397395261
plantview__langdon_4__19-03-24,W8-W9,12,4,76,0.7544391196806004
plantview__langdon_4__19-03-24,W8-W9,13,5,77,0.7700892864583099
plantview__langdon_4__19-03-24,W8-W9,14,6,78,0.7837880005168048
plantview__langdon_4__19-03-24,W8-W9,15,7,79,0.7763333380043759
plantview__langdon_4__19-03-24,W9-W10,9,1,81,0.6308655298973651
plantview__langdon_4__19-03-24,W9-W10,10,2,82,0.6338894629000876
plantview__langdon_4__19-03-24,W9-W10,11,3,83,0.628379903728292
plantview__langdon_4__19-03-24,W9-W10,12,4,84,0.6348596526680731
plantview__langdon_4__19-03-24,W9-W10,13,5,85,0.6385951319107004
plantview__langdon_4__19-03-24,W9-W10,14,6,86,0.6451258761808039
plantview__langdon_4__19-03-24,W9-W10,15,7,87,0.650745431368742
plantview__langdon_4__19-03-24,W10-W11,8,0,88,0.741477841134315
plantview__langdon_4__19-03-24,W10-W11,9,1,89,0.7173560125941444
plantview__langdon_4__19-03-24,W10-W11,10,2,90,0.7218996635317462
plantview__langdon_4__19-03-24,W10-W11,11,3,91,0.7247424553541535
plantview__langdon_4__19-03-24,W10-W11,12,4,92,0.7226043340875673
plantview__langdon_4__19-03-24,W10-W11,13,5,93,0.6823463827924795
plantview__langdon_4__19-03-24,W10-W11,14,6,94,0.6607072922368371
plantview__langdon_4__19-03-24,W10-W11,15,7,95,0.6624939303539017
plantview__langdon_4__19-03-24,W11-W12,8,0,96,0.8571064214877837
plantview__langdon_4__19-03-24,W11-W12,9,1,97,0.8572402936424963
plantview__langdon_4__19-03-24,W11-W12,10,2,98,0.8530588713826309
plantview__langdon_4__19-03-24,W11-W12,11,3,99,0.841540578974634
plantview__langdon_4__19-03-24,W11-W12,12,4,100,0.8287317234877458
plantview__langdon_4__19-03-24,W11-W12,13,5,101,0.8252396778093127
plantview__langdon_4__19-03-24,W11-W12,14,6,102,0.8232193105492479
plantview__langdon_4__19-03-24,W11-W12,15,7,103,0.8196627754841268
plantview__langdon_4__19-03-24,W12-W13,8,0,104,0.7562994902598967
plantview__langdon_4__19-03-24,W12-W13,9,1,105,0.7549812384403973
plantview__langdon_4__19-03-24,W12-W13,10,2,106,0.7771799715351292
plantview__langdon_4__19-03-24,W12-W13,11,3,107,0.786573453921457
plantview__langdon_4__19-03-24,W12-W13,12,4,108,0.7943043622735539
plantview__langdon_4__19-03-24,W12-W13,13,5,109,0.7998847950068457
plantview__langdon_4__19-03-24,W12-W13,14,6,110,0.8034031854645773
plantview__langdon_4__19-03-24,W12-W13,15,7,111,0.8023661606887771
plantview__langdon_4__19-03-24,W13-W14,8,0,112,0.6467972719105841
plantview__langdon_4__19-03-24,W13-W14,9,1,113,0.6463161231608798
plantview__langdon_4__19-03-24,W13-W14,10,2,114,0.6411180107508063
plantview__langdon_4__19-03-24,W13-W14,11,3,115,0.6418626862488093
plantview__langdon_4__19-03-24,W13-W14,12,4,116,0.6464379234220218
plantview__langdon_4__19-03-24,W13-W14,13,5,117,0.6546124379093127
plantview__langdon_4__19-03-24,W13-W14,14,6,118,0.656370102694827
plantview__langdon_4__19-03-24,W13-W14,15,7,119,0.6577403786232563
plantview__langdon_4__19-03-24,W14-W15,8,0,120,0.7093402514241449
plantview__langdon_4__19-03-24,W14-W15,9,1,121,0.6950865860793985
plantview__langdon_4__19-03-24,W14-W15,10,2,122,0.7033612970661933
plantview__langdon_4__19-03-24,W14-W15,11,3,123,0.7153886790397741
plantview__langdon_4__19-03-24,W14-W15,12,4,124,0.711063176190535
plantview__langdon_4__19-03-24,W14-W15,13,5,125,0.7030896224210481
plantview__langdon_4__19-03-24,W14-W15,14,6,126,0.6866788613101886
plantview__langdon_4__19-03-24,W14-W15,15,7,127,0.664516893486121
plantview__langdon_4__19-03-24,W15-W16,8,0,128,0.8827399967082286
plantview__langdon_4__19-03-24,W15-W16,9,1,129,0.8758367645309697
plantview__langdon_4__19-03-24,W15-W16,10,2,130,0.8693642765914578
plantview__langdon_4__19-03-24,W15-W16,11,3,131,0.8543497190719715
plantview__langdon_4__19-03-24,W15-W16,12,4,132,0.8392482333055612
plantview__langdon_4__19-03-24,W15-W16,13,5,133,0.834743683735095
plantview__langdon_4__19-03-24,W15-W16,14,6,134,0.8102951814356475
plantview__langdon_4__19-03-24,W15-W16,15,7,135,0.7983703065787253
plantview__langdon_4__19-03-24,W16-W17,8,0,136,0.7532908494780335
plantview__langdon_4__19-03-24,W16-W17,9,1,137,0.7344924215855383
plantview__langdon_4__19-03-24,W16-W17,10,2,138,0.752837554227725
plantview__langdon_4__19-03-24,W16-W17,11,3,139,0.7539659067209845
plantview__langdon_4__19-03-24,W16-W17,12,4,140,0.7634434235246945
plantview__langdon_4__19-03-24,W16-W17,13,5,141,0.7715571512589199
plantview__langdon_4__19-03-24,W16-W17,14,6,142,0.7749203023239157
plantview__langdon_4__19-03-24,W16-W17,15,7,143,0.7705356908274476
plantview__langdon_4__19-03-24,W17-W18,8,0,144,0.6592610940346267
plantview__langdon_4__19-03-24,W17-W18,9,1,145,0.655220702483608
plantview__langdon_4__19-03-24,W17-W18,10,2,146,0.6520286871757379
plantview__langdon_4__19-03-24,W17-W18,11,3,147,0.6529995441686615
plantview__langdon_4__19-03-24,W17-W18,12,4,148,0.649387493428584
plantview__langdon_4__19-03-24,W17-W18,13,5,149,0.6513703723915731
plantview__langdon_4__19-03-24,W17-W18,14,6,150,0.6475957543701072
plantview__langdon_4__19-03-24,W17-W18,15,7,151,0.6579936704387808
plantview__langdon_4__19-03-24,W18-W19,8,0,152,0.7112209029465999
plantview__langdon_4__19-03-24,W18-W19,9,1,153,0.7005920412408075
plantview__langdon_4__19-03-24,W18-W19,10,2,154,0.7097881616845554
plantview__langdon_4__19-03-24,W18-W19,11,3,155,0.7162879420350539
plantview__langdon_4__19-03-24,W18-W19,12,4,156,0.6939547765607756
plantview__langdon_4__19-03-24,W18-W19,13,5,157,0.6627625909647683
plantview__langdon_4__19-03-24,W18-W19,14,6,158,0.6529262095715879
plantview__langdon_4__19-03-24,W18-W19,15,7,159,0.6256684873674173
plantview__langdon_4__19-03-24,W19-W20,8,0,160,0.8777267459613279
plantview__langdon_4__19-03-24,W19-W20,9,1,161,0.8671258566454239
plantview__langdon_4__19-03-24,W19-W20,10,2,162,0.8659361414053212
plantview__langdon_4__19-03-24,W19-W20,11,3,163,0.854487216597998
plantview__langdon_4__19-03-24,W19-W20,12,4,164,0.8490093943531131
plantview__langdon_4__19-03-24,W19-W20,13,5,165,0.8453884277054593
plantview__langdon_4__19-03-24,W19-W20,14,6,166,0.8445526152847994
plantview__langdon_4__19-03-24,W19-W20,15,7,167,0.8445961582494548
plantview__langdon_4__19-03-24,W20-W21,8,0,168,0.7592791911621488
plantview__langdon_4__19-03-24,W20-W21,9,1,169,0.7609765905105776
plantview__langdon_4__19-03-24,W20-W21,10,2,170,0.7746219807396991
plantview__langdon_4__19-03-24,W20-W21,11,3,171,0.7837339399759408
plantview__langdon_4__19-03-24,W20-W21,12,4,172,0.7961508806277553
plantview__langdon_4__19-03-24,W20-W21,13,5,173,0.7970452327258619
plantview__langdon_4__19-03-24,W20-W21,14,6,174,0.8004945562039656
plantview__langdon_4__19-03-24,W20-W21,15,7,175,0.7885790205426026
plantview__langdon_4__19-03-24,W21-W22,8,0,176,0.6680323604983512
plantview__langdon_4__19-03-24,W21-W22,9,1,177,0.671668102594136
plantview__langdon_4__19-03-24,W21-W22,10,2,178,0.6696539261168275
plantview__langdon_4__19-03-24,W21-W22,11,3,179,0.6786934432430896
plantview__langdon_4__19-03-24,W21-W22,12,4,180,0.6823167505176595
plantview__langdon_4__19-03-24,W21-W22,13,5,181,0.6856362216541774
plantview__langdon_4__19-03-24,W21-W22,14,6,182,0.6958519023542618
plantview__langdon_4__19-03-24,W21-W22,15,7,183,0.7026804092716541
plantview__langdon_4__19-03-24,W22-W23,8,0,184,0.7259207656969797
plantview__langdon_4__19-03-24,W22-W23,9,1,185,0.7194870125979237
plantview__langdon_4__19-03-24,W22-W23,10,2,186,0.7134060060100604
plantview__langdon_4__19-03-24,W22-W23,11,3,187,0.7227571938699757
plantview__langdon_4__19-03-24,W22-W23,12,4,188,0.7204262409461193
plantview__langdon_4__19-03-24,W22-W23,13,5,189,0.7097153753474449
plantview__langdon_4__19-03-24,W22-W23,14,6,190,0.6641856907230552
plantview__langdon_4__19-03-24,W22-W23,15,7,191,0.6524638758324326
plantview__langdon_4__19-03-24,W23-W24,8,0,192,0.8414977053344544
plantview__langdon_4__19-03-24,W23-W24,9,1,193,0.8298970623010986
plantview__langdon_4__19-03-24,W23-W24,10,2,194,0.8276971529096069
plantview__langdon_4__19-03-24,W23-W24,11,3,195,0.8249318897214697
plantview__langdon_4__19-03-24,W23-W24,12,4,196,0.8101357013953203
plantview__langdon_4__19-03-24,W23-W24,13,5,197,0.8098720502865202
plantview__langdon_4__19-03-24,W23-W24,14,6,198,0.801738852895562
plantview__langdon_4__19-03-24,W23-W24,15,7,199,0.798377210700342
plantview__langdon_4__19-03-24,W24-W25,8,0,200,0.8264562717397468
plantview__langdon_4__19-03-24,W24-W25,9,1,201,0.8254878424142754
plantview__langdon_4__19-03-24,W24-W25,10,2,202,0.8319965964536
plantview__langdon_4__19-03-24,W24-W25,11,3,203,0.8309093989645409
plantview__langdon_4__19-03-24,W24-W25,12,4,204,0.8429404486193397
plantview__langdon_4__19-03-24,W24-W25,13,5,205,0.8390346870364227
plantview__langdon_4__19-03-24,W24-W25,14,6,206,0.8452585600121694
plantview__langdon_4__19-03-24,W24-W25,15,7,207,0.8426778680656339
plantview__langdon_4__19-03-24,W25-W26,8,0,208,0.6658056288552254
plantview__langdon_4__19-03-24,W25-W26,9,1,209,0.6723887291545709
plantview__langdon_4__19-03-24,W25-W26,10,2,210,0.6853158590789806
plantview__langdon_4__19-03-24,W25-W26,11,3,211,0.6915559929748525
plantview__langdon_4__19-03-24,W25-W26,12,4,212,0.6947197555700296
plantview__langdon_4__19-03-24,W25-W26,13,5,213,0.7020864635246109
plantview__langdon_4__19-03-24,W25-W26,14,6,214,0.7081715454044892
plantview__langdon_4__19-03-24,W25-W26,15,7,215,0.714915872860168
plantview__langdon_4__19-03-24,W26-W27,8,0,216,0.7841807176748783
plantview__langdon_4__19-03-24,W26-W27,9,1,217,0.7656567088066305
plantview__langdon_4__19-03-24,W26-W27,10,2,218,0.7573444118108312
plantview__langdon_4__19-03-24,W26-W27,11,3,219,0.7492596007096599
plantview__langdon_4__19-03-24,W26-W27,12,4,220,0.7456428053622546
plantview__langdon_4__19-03-24,W26-W27,13,5,221,0.7127696565918007
plantview__langdon_4__19-03-24,W26-W27,14,6,222,0.6947096836285829
plantview__langdon_4__19-03-24,W26-W27,15,7,223,0.6799505740846136
plantview__langdon_4__19-03-24,W27-W28,8,0,224,0.8323410826969283
plantview__langdon_4__19-03-24,W27-W28,9,1,225,0.8264833889206916
plantview__langdon_4__19-03-24,W27-W28,10,2,226,0.8276590517030205
plantview__langdon_4__19-03-24,W27-W28,11,3,227,0.8263202189299422
plantview__langdon_4__19-03-24,W27-W28,12,4,228,0.8231536299317612
plantview__langdon_4__19-03-24,W27-W28,13,5,229,0.8121551093634426
plantview__langdon_4__19-03-24,W27-W28,14,6,230,0.8085986665385807
plantview__langdon_4__19-03-24,W27-W28,15,7,231,0.81098320077851
plantview__langdon_4__19-03-24,W28-W29,8,0,232,0.842231112569005
plantview__langdon_4__19-03-24,W28-W29,9,1,233,0.8246439615962329
plantview__langdon_4__19-03-24,W28-W29,10,2,234,0.8210322955508718
plantview__langdon_4__19-03-24,W28-W29,11,3,235,0.8226829970102227
plantview__langdon_4__19-03-24,W28-W29,12,4,236,0.837283067858417
plantview__langdon_4__19-03-24,W28-W29,13,5,237,0.8380628626635696
plantview__langdon_4__19-03-24,W28-W29,14,6,238,0.8503933254269789
plantview__langdon_4__19-03-24,W28-W29,15,7,239,0.8371279330933007
plantview__langdon_4__19-03-24,W29-W30,8,0,240,0.6610965423480123
plantview__langdon_4__19-03-24,W29-W30,9,1,241,0.6654724631674347
plantview__langdon_4__19-03-24,W29-W30,10,2,242,0.6791765893860193
plantview__langdon_4__19-03-24,W29-W30,11,3,243,0.6931139524583909
plantview__langdon_4__19-03-24,W29-W30,12,4,244,0.7026065139387959
plantview__langdon_4__19-03-24,W29-W30,13,5,245,0.7119121903881063
plantview__langdon_4__19-03-24,W29-W30,14,6,246,0.7265133956737088
plantview__langdon_4__19-03-24,W29-W30,15,7,247,0.7324757842418109
plantview__langdon_4__19-03-24,W30-W31,8,0,248,0.8193835404941683
plantview__langdon_4__19-03-24,W30-W31,9,1,249,0.7912473250682746
plantview__langdon_4__19-03-24,W30-W31,10,2,250,0.7947849540370144
plantview__langdon_4__19-03-24,W30-W31,11,3,251,0.7769327382323321
plantview__langdon_4__19-03-24,W30-W31,12,4,252,0.7704617494127166
plantview__langdon_4__19-03-24,W30-W31,13,5,253,0.7471009302613433
plantview__langdon_4__19-03-24,W30-W31,14,6,254,0.7358171732031825
plantview__langdon_4__19-03-24,W30-W31,15,7,255,0.7413245414205318
plantview__langdon_4__19-03-24,W31-W32,8,0,256,0.8205462807044278
plantview__langdon_4__19-03-24,W31-W32,9,1,257,0.8200390763090113
plantview__langdon_4__19-03-24,W31-W32,10,2,258,0.8271348974577633
plantview__langdon_4__19-03-24,W31-W32,11,3,259,0.8173730176565214
plantview__langdon_4__19-03-24,W31-W32,12,4,260,0.8101552277535573
plantview__langdon_4__19-03-24,W31-W32,13,5,261,0.8031195323009415
plantview__langdon_4__19-03-24,W31-W32,14,6,262,0.7932079915545492
plantview__langdon_4__19-03-24,W31-W32,15,7,263,0.7794940655236908
plantview__langdon_4__19-03-24,W32-W33,10,2,266,0.8112906069003836
plantview__langdon_4__19-03-24,W32-W33,11,3,267,0.8118783665848108
plantview__langdon_4__19-03-24,W32-W33,12,4,268,0.8116983886277159
plantview__langdon_4__19-03-24,W32-W33,13,5,269,0.8206888495995006
plantview__langdon_4__19-03-24,W32-W33,15,7,271,0.8241727657218612
plantview__langdon_4__19-03-24,W33-W34,8,0,272,0.6694092165563365
plantview__langdon_4__19-03-24,W33-W34,9,1,273,0.6633445147565907
plantview__langdon_4__19-03-24,W33-W34,10,2,274,0.6778473746459763
plantview__langdon_4__19-03-24,W33-W34,11,3,275,0.6824959828653389
plantview__langdon_4__19-03-24,W33-W34,12,4,276,0.6845053303582289
plantview__langdon_4__19-03-24,W33-W34,13,5,277,0.6915398791938123
plantview__langdon_4__19-03-24,W33-W34,14,6,278,0.6956716196178103
plantview__langdon_4__19-03-24,W33-W34,15,7,279,0.701606404050638
plantview__langdon_4__19-03-24,W34-W35,8,0,280,0.7834622257876096
plantview__langdon_4__19-03-24,W34-W35,9,1,281,0.764331234225853
plantview__langdon_4__19-03-24,W34-W35,10,2,282,0.7594358634472792
plantview__langdon_4__19-03-24,W34-W35,11,3,283,0.7537147097637007
plantview__langdon_4__19-03-24,W34-W35,12,4,284,0.7496077997826859
plantview__langdon_4__19-03-24,W34-W35,13,5,285,0.7288667912052892
plantview__langdon_4__19-03-24,W34-W35,14,6,286,0.7034970118896342
plantview__langdon_4__19-03-24,W34-W35,15,7,287,0.6955988744163746
plantview__langdon_4__19-03-24,W35-W36,8,0,288,0.8244699601778607
plantview__langdon_4__19-03-24,W35-W36,9,1,289,0.8209022706877203
plantview__langdon_4__19-03-24,W35-W36,10,2,290,0.8222332187122123
plantview__langdon_4__19-03-24,W35-W36,11,3,291,0.8218471878763974
plantview__langdon_4__19-03-24,W35-W36,12,4,292,0.8106216941798476
plantview__langdon_4__19-03-24,W35-W36,13,5,293,0.8084481984502008
plantview__langdon_4__19-03-24,W35-W36,14,6,294,0.8037960858050149
plantview__langdon_4__19-03-24,W35-W36,15,7,295,0.7990003078481676
plantview__langdon_4__19-03-24,W36-W37,9,1,297,0.7964456411754381
plantview__langdon_4__19-03-24,W36-W37,10,2,298,0.8051619568578295
plantview__langdon_4__19-03-24,W36-W37,11,3,299,0.809397313189463
plantview__langdon_4__19-03-24,W36-W37,13,5,301,0.814426867546548
plantview__langdon_4__19-03-24,W36-W37,15,7,303,0.7901871930203144
plantview__langdon_4__19-03-24,W37-W38,8,0,304,0.6686544133863983
plantview__langdon_4__19-03-24,W37-W38,9,1,305,0.6663988245079213
plantview__langdon_4__19-03-24,W37-W38,10,2,306,0.663028625924722
plantview__langdon_4__19-03-24,W37-W38,11,3,307,0.6677265823141791
plantview__langdon_4__19-03-24,W37-W38,12,4,308,0.6668228620422199
plantview__langdon_4__19-03-24,W37-W38,13,5,309,0.6797360260834874
plantview__langdon_4__19-03-24,W37-W38,14,6,310,0.6787563233596328
plantview__langdon_4__19-03-24,W37-W38,15,7,311,0.6794374444025142
wheat3dgs__plot_461,W0-W1,8,0,8,1.0246287742578601
wheat3dgs__plot_461,W0-W1,9,1,9,1.0101565283817742
wheat3dgs__plot_461,W0-W1,10,2,10,1.0112993611931032
wheat3dgs__plot_461,W0-W1,11,3,11,1.0055114950243298
wheat3dgs__plot_461,W0-W1,12,4,12,1.1475363434352146
wheat3dgs__plot_461,W0-W1,13,5,13,1.1361604653012378
wheat3dgs__plot_461,W0-W1,14,6,14,1.149678952947331
wheat3dgs__plot_461,W0-W1,15,7,15,1.1492417398046348
wheat3dgs__plot_461,W1-W2,8,0,16,1.0181298177103328
wheat3dgs__plot_461,W1-W2,9,1,17,0.9892526967802671
wheat3dgs__plot_461,W1-W2,10,2,18,0.9893921417370546
wheat3dgs__plot_461,W1-W2,11,3,19,0.9891386696712928
wheat3dgs__plot_461,W1-W2,12,4,20,0.9934426086749448
wheat3dgs__plot_461,W1-W2,13,5,21,1.008953553991363
wheat3dgs__plot_461,W1-W2,14,6,22,0.9921554038411895
wheat3dgs__plot_461,W1-W2,15,7,23,0.9874629896773925
wheat3dgs__plot_461,W2-W3,8,0,24,0.8923567605313345
wheat3dgs__plot_461,W2-W3,9,1,25,0.8799716378230753
wheat3dgs__plot_461,W2-W3,10,2,26,0.8785196340980999
wheat3dgs__plot_461,W2-W3,11,3,27,0.8731269118875224
wheat3dgs__plot_461,W2-W3,12,4,28,0.8737307559681411
wheat3dgs__plot_461,W2-W3,13,5,29,0.8699233198447811
wheat3dgs__plot_461,W2-W3,14,6,30,0.879787961113532
wheat3dgs__plot_461,W2-W3,15,7,31,0.8765402213281741
wheat3dgs__plot_467,W0-W1,8,0,8,0.996681723145241
wheat3dgs__plot_467,W0-W1,9,1,9,0.9706159438545623
wheat3dgs__plot_467,W0-W1,10,2,10,0.9830267016704981
wheat3dgs__plot_467,W0-W1,11,3,11,0.9819152035257446
wheat3dgs__plot_467,W0-W1,12,4,12,1.0717991553263357
wheat3dgs__plot_467,W0-W1,13,5,13,1.0652651446459267
wheat3dgs__plot_467,W0-W1,14,6,14,1.0724299434823108
wheat3dgs__plot_467,W0-W1,15,7,15,1.0634396543696083
wheat3dgs__plot_467,W1-W2,8,0,16,0.9925838406053629
wheat3dgs__plot_467,W1-W2,9,1,17,0.9799150102141503
wheat3dgs__plot_467,W1-W2,10,2,18,0.975111969513239
wheat3dgs__plot_467,W1-W2,11,3,19,0.9784261759132689
wheat3dgs__plot_467,W1-W2,12,4,20,0.9781100095094015
wheat3dgs__plot_467,W1-W2,13,5,21,0.9835222134150103
wheat3dgs__plot_467,W1-W2,14,6,22,0.9771159142067696
wheat3dgs__plot_467,W1-W2,15,7,23,0.975210351066182
wheat3dgs__plot_467,W2-W3,8,0,24,0.9154233759655199
wheat3dgs__plot_467,W2-W3,9,1,25,0.9002026133901778
wheat3dgs__plot_467,W2-W3,10,2,26,0.8973443216615242
wheat3dgs__plot_467,W2-W3,11,3,27,0.8950923383470022
wheat3dgs__plot_467,W2-W3,12,4,28,0.8968439159545769
wheat3dgs__plot_467,W2-W3,13,5,29,0.8962596922471029
wheat3dgs__plot_467,W2-W3,14,6,30,0.8970088869971339
wheat3dgs__plot_467,W2-W3,15,7,31,0.8956860293441724
