sequence,window_a,window_b,n_overlap,n_inliers,Q_dispersion_median,Q_dispersion_p90,Q_dispersion_max,status
mustc__plot198__230613__ugv__pos00,0,1,8,8,2.8501062861274207,5.3057122355862525,6.6428939361751045,OK
plantview__langdon_4__05-03-24,0,1,8,8,0.615863881639956,2.955913626210845,2.982619392298163,OK
plantview__langdon_4__05-03-24,1,2,8,8,0.0,1.6204502938387395,2.219561463594905,OK
plantview__langdon_4__05-03-24,2,3,8,8,0.6931132222490978,2.99759318047761,3.2121875231229224,OK
plantview__langdon_4__05-03-24,3,4,8,5,0.19390604287832594,1.2547974961829695,1.616512234115256,OK
plantview__langdon_4__05-03-24,4,5,8,8,0.7711867463293547,2.803006856648499,3.7108410873566773,OK
plantview__langdon_4__05-03-24,5,6,8,5,0.2579886702977918,1.3440935940205214,1.3617488470977743,OK
plantview__langdon_4__05-03-24,6,7,8,8,1.5806586091181052,3.957656663191885,4.40987234369379,OK
plantview__langdon_4__05-03-24,7,8,8,8,1.816359638884288,2.0061177993770425,2.1881506631499867,OK
plantview__langdon_4__05-03-24,8,9,8,8,8.164661946162905,10.476468856842137,11.285655950259923,OK
plantview__langdon_4__05-03-24,9,10,8,6,0.3838336267473799,2.034189236929767,2.763263040733287,OK
plantview__langdon_4__05-03-24,10,11,8,8,1.620268960674908,3.9708233391730494,4.572171807939345,OK
plantview__langdon_4__05-03-24,11,12,8,8,2.193581210128392,2.55224725883465,2.7342436695239267,OK
plantview__langdon_4__05-03-24,12,13,8,8,1.2294644979339004,2.7542621469068655,2.8408333293688544,OK
plantview__langdon_4__05-03-24,13,14,8,8,0.3163196525551933,1.6560879448067187,1.7552732051539464,OK
plantview__langdon_4__05-03-24,14,15,8,8,0.4744025557713197,2.3885783316376425,3.611067682547513,OK
plantview__langdon_4__05-03-24,15,16,8,8,1.2372053152722393,1.9903594573524952,1.9988275380417386,OK
plantview__langdon_4__05-03-24,16,17,8,8,0.0,3.0021822898650115,3.3926583213460724,OK
plantview__langdon_4__05-03-24,17,18,8,8,0.0,0.9200785968985719,2.345145494165659,OK
plantview__langdon_4__05-03-24,18,19,8,8,1.7525824083416668,3.508068256421603,3.5460379297410567,OK
plantview__langdon_4__05-03-24,19,20,8,7,0.24926123729299035,1.3375940457868476,1.5205442417200892,OK
plantview__langdon_4__05-03-24,20,21,8,8,1.998359284282452,2.7164582779821167,2.942863103008742,OK
plantview__langdon_4__05-03-24,21,22,8,8,1.4476595054664743,2.4998328862433956,2.528318859394577,OK
plantview__langdon_4__05-03-24,22,23,8,8,2.6817301746934703,3.837056303159102,4.564595265816682,OK
plantview__langdon_4__05-03-24,23,24,8,8,0.22544942889999964,0.9176824739336918,1.041738880432793,OK
plantview__langdon_4__05-03-24,24,25,8,8,2.6683311144399977,3.483441406456491,3.6472208275508073,OK
plantview__langdon_4__05-03-24,25,26,8,8,0.5482988595560702,1.6230781924146258,1.8619581161654684,OK
plantview__langdon_4__05-03-24,26,27,8,8,1.7345230155947946,4.089320060572491,4.534365129476714,OK
plantview__langdon_4__05-03-24,27,28,8,8,0.0,1.7072931383471246,2.1464200166352576,OK
plantview__langdon_4__05-03-24,28,29,8,5,0.0,3.5000507674797268,4.539505669163841,OK
plantview__langdon_4__05-03-24,29,30,8,7,0.30718349184204347,1.5358177905417265,1.770313073197748,OK
plantview__langdon_4__05-03-24,30,31,8,8,1.7497448114232328,4.597341848717466,4.947213154658146,OK
plantview__langdon_4__05-03-24,31,32,8,8,0.5126397112331581,1.3359549392003909,1.3846573110745781,OK
plantview__langdon_4__05-03-24,32,33,8,6,0.6150268265989359,4.616111494793325,5.175861397851329,OK
plantview__langdon_4__05-03-24,33,34,8,7,0.35113953376801615,1.4556392109272895,2.253674906530471,OK
plantview__langdon_4__05-03-24,34,35,8,8,0.0,3.1183118466447826,3.8953971480648977,OK
plantview__langdon_4__05-03-24,35,36,8,8,0.0,1.590277227542179,2.0167442547450842,OK
plantview__langdon_4__05-03-24,36,37,8,8,2.002643892269518,3.109647998557971,3.441391516918949,OK
plantview__langdon_4__05-03-24,37,38,8,8,0.3858416064833375,1.5915450394528223,1.8695401064666264,OK
plantview__langdon_4__12-03-24,0,1,8,8,0.9550756318588587,4.301734408474407,4.347762943258156,OK
plantview__langdon_4__12-03-24,1,2,8,8,0.0,1.9536030451974329,2.069669075117357,OK
plantview__langdon_4__12-03-24,2,3,8,8,0.0,1.8709893848331398,2.082669004534984,OK
plantview__langdon_4__12-03-24,3,4,8,8,0.4575118759132625,1.4108432681045122,1.5862023607673896,OK
plantview__langdon_4__12-03-24,4,5,8,7,0.5848442874350521,2.511399488195727,2.973393419614643,OK
plantview__langdon_4__12-03-24,5,6,8,6,0.11970219798403768,1.3045171384304597,1.4599235116088733,OK
plantview__langdon_4__12-03-24,6,7,8,8,1.4090750643686498,4.469194030899728,4.608183691699355,OK
plantview__langdon_4__12-03-24,7,8,8,8,0.0,0.7087666018209553,0.9712983745344955,OK
plantview__langdon_4__12-03-24,8,9,8,8,2.1787839674255234,3.4416858900461254,3.4863873201767723,OK
plantview__langdon_4__12-03-24,9,10,8,8,0.8706348201645401,1.7437552786893669,1.7654356504329722,OK
plantview__langdon_4__12-03-24,10,11,8,8,1.0900393802174544,4.280998021570799,4.416347957591514,OK
plantview__langdon_4__12-03-24,11,12,8,5,0.10602847194026514,1.0148010169933188,1.116498516760166,OK
plantview__langdon_4__12-03-24,12,13,8,8,0.0,3.442793313469408,4.426790903610711,OK
plantview__langdon_4__12-03-24,13,14,8,8,0.0,1.5840633819458283,1.9852690842129026,OK
plantview__langdon_4__12-03-24,14,15,8,8,1.4948559365418785,3.5274724811975626,4.424765336524924,OK
plantview__langdon_4__12-03-24,15,16,8,8,0.3663536667004075,0.6144350236188005,0.822773995971196,OK
plantview__langdon_4__12-03-24,16,17,8,6,0.18161370462358617,3.0053800772300416,3.024281918560255,OK
plantview__langdon_4__12-03-24,17,18,8,8,0.0,1.4653997183859055,1.6924636646342879,OK
plantview__langdon_4__12-03-24,18,19,8,8,2.163778339987563,3.2762244012626662,4.4256561173233955,OK
plantview__langdon_4__12-03-24,19,20,8,8,0.0,1.1478147570639166,1.4396251146430847,OK
plantview__langdon_4__12-03-24,20,21,8,8,0.3876135959907459,3.6821564900161494,3.8909111343951706,OK
plantview__langdon_4__12-03-24,21,22,8,8,0.0,0.5672523693911817,0.8125474497774681,OK
plantview__langdon_4__12-03-24,22,23,8,8,1.4362668457793106,3.9736861921995765,4.342619294098464,OK
plantview__langdon_4__12-03-24,23,24,8,8,0.7860135777947795,1.4873550607670762,1.7823537571651635,OK
plantview__langdon_4__12-03-24,24,25,8,8,0.8594418237706778,3.8435555808492303,5.062947317020293,OK
plantview__langdon_4__12-03-24,25,26,8,8,0.0,0.6882491347428741,0.6973298775385183,OK
plantview__langdon_4__12-03-24,26,27,8,8,1.518028931202043,3.4258066291495974,4.3196483939875865,OK
plantview__langdon_4__12-03-24,27,28,8,8,1.2220926019133513,1.6324479830739267,1.716548619885601,OK
plantview__langdon_4__12-03-24,28,29,8,8,1.8006756961069659,2.730815484921959,2.7330012763242317,OK
plantview__langdon_4__12-03-24,29,30,8,8,0.0,1.1771882248984455,1.8272250220818378,OK
plantview__langdon_4__12-03-24,30,31,8,8,1.8430795673956326,3.1982929436528886,3.633988607023439,OK
plantview__langdon_4__12-03-24,31,32,8,8,0.7651962878907548,1.443162776709861,1.8756695671007089,OK
plantview__langdon_4__12-03-24,32,33,8,5,0.4316876945388254,3.9991418790635964,4.160041954179233,OK
plantview__langdon_4__12-03-24,33,34,8,8,0.07526610355108777,0.9934517888787402,1.586321020003609,OK
plantview__langdon_4__12-03-24,34,35,8,6,0.5071136233328294,3.2533153015236147,3.26790049003018,OK
plantview__langdon_4__12-03-24,35,36,8,8,0.97852145266996,1.7870476006733638,2.335861007241354,OK
plantview__langdon_4__12-03-24,36,37,8,8,0.0,3.34853845477847,3.408775733424171,OK
plantview__langdon_4__12-03-24,37,38,8,8,0.0,0.0,0.0,OK
plantview__langdon_4__15-04-24,0,1,8,8,0.8944866967279268,3.1412962164047755,3.219343421716002,OK
plantview__langdon_4__15-04-24,1,2,8,8,1.631395960058926,2.2277594473893325,2.2960245953692406,OK
plantview__langdon_4__15-04-24,2,3,8,5,0.23281576461591733,3.8308500600172097,4.94877608098609,OK
plantview__langdon_4__15-04-24,3,4,8,8,1.1300982786088272,1.3320179749024352,1.4684280454062388,OK
plantview__langdon_4__15-04-24,4,5,8,8,1.1146280126304284,2.936402461828268,3.069472889403262,OK
plantview__langdon_4__15-04-24,5,6,8,8,0.4294249828563232,1.8126607372985557,2.0194288649675225,OK
plantview__langdon_4__15-04-24,6,7,8,8,0.0,3.010642937970507,3.5356007793641777,OK
plantview__langdon_4__15-04-24,7,8,8,8,1.2370951163763975,2.2886781934759934,2.7437546160763677,OK
plantview__langdon_4__15-04-24,8,9,8,8,1.3984342863446428,3.2638652799085643,3.772721800050957,OK
plantview__langdon_4__15-04-24,9,10,8,8,0.48511704317890453,1.5549410394964063,1.9169820525248915,OK
plantview__langdon_4__15-04-24,10,11,8,8,1.175137136384162,3.2091244672688175,3.5583129789327566,OK
plantview__langdon_4__15-04-24,11,12,8,8,0.47339612233804895,1.0898016654758502,1.1888281528768505,OK
plantview__langdon_4__15-04-24,12,13,8,8,2.636048262514265,3.5189737370615513,4.212523220753856,OK
plantview__langdon_4__15-04-24,13,14,8,8,0.7794722268017766,1.3720430156664947,1.5278771456205047,OK
plantview__langdon_4__15-04-24,14,15,8,8,1.7551740319959466,3.8723253572512633,4.673719639804902,OK
plantview__langdon_4__15-04-24,15,16,8,8,0.3247498023967192,0.8756605444851646,0.9452630359863913,OK
plantview__langdon_4__15-04-24,16,17,8,8,3.379275242314969,4.559346305500458,4.8965102471289885,OK
plantview__langdon_4__15-04-24,17,18,8,8,1.5081585248378226,2.113511090131764,2.2692556463919575,OK
plantview__langdon_4__15-04-24,18,19,8,8,2.9529544985833756,3.9615649771674883,4.064336768835848,OK
plantview__langdon_4__15-04-24,19,20,8,8,0.5457353747206187,1.0746248044656521,1.33719021284575,OK
plantview__langdon_4__15-04-24,20,21,8,8,2.2398688074832336,3.6636398154915537,3.9995272710819387,OK
plantview__langdon_4__15-04-24,21,22,8,8,0.678070547762055,1.3513749790342582,1.4083194981650777,OK
plantview__langdon_4__15-04-24,22,23,8,8,1.0225571965586933,3.825677739432091,4.499683338502703,OK
plantview__langdon_4__15-04-24,23,24,8,7,1.077776280015419,1.5368618538138674,2.127392120662336,OK
plantview__langdon_4__15-04-24,24,25,8,8,2.4687520333417554,3.355209689645018,3.5538288675363,OK
plantview__langdon_4__15-04-24,25,26,8,8,1.2051623867725112,1.6799190387940486,1.691362890310042,OK
plantview__langdon_4__15-04-24,26,27,8,8,1.4173224742853678,3.2828577375494885,3.394635467149123,OK
plantview__langdon_4__15-04-24,27,28,8,8,0.8183903621691457,1.5253290373101658,1.5662215273183573,OK
plantview__langdon_4__15-04-24,28,29,8,6,0.5077416866136165,3.31342302774811,3.4818238839577984,OK
plantview__langdon_4__15-04-24,29,30,8,8,0.9246832647555937,1.6951500554469876,1.8752026521725556,OK
plantview__langdon_4__15-04-24,30,31,8,8,1.7380615020923398,2.486936866744755,3.6213685102522324,OK
plantview__langdon_4__15-04-24,31,32,8,8,0.7685673579153616,1.2474735467996354,1.2514010476876698,OK
plantview__langdon_4__15-04-24,32,33,8,5,0.0,3.0679504270508153,3.0978076158538435,OK
plantview__langdon_4__15-04-24,33,34,8,8,0.4704133622920226,1.5298717879618258,1.5382853024082341,OK
plantview__langdon_4__15-04-24,34,35,8,5,0.3753863412983755,3.2580032386995152,3.9545394715734092,OK
plantview__langdon_4__15-04-24,35,36,8,8,0.9983696810230047,1.6637761961537914,2.2271722810097208,OK
plantview__langdon_4__15-04-24,36,37,8,8,1.0112345693150524,2.903757297236117,3.2347430386309304,OK
plantview__langdon_4__15-04-24,37,38,8,8,2.116954083684955,2.4035483350635927,2.6605915002180285,OK
plantview__langdon_4__19-03-24,0,1,8,8,1.832532667189045,3.4975458932340584,3.9536150792713025,OK
plantview__langdon_4__19-03-24,1,2,8,8,0.0,1.2178448724495254,1.3017246651745313,OK
plantview__langdon_4__19-03-24,2,3,8,8,1.4120629908373397,4.004787964905882,5.566162170737479,OK
plantview__langdon_4__19-03-24,3,4,8,8,0.0,0.4484541166459526,0.6864486669721275,OK
plantview__langdon_4__19-03-24,4,5,8,8,0.8095078496291452,2.9675080464779975,3.6227810663012323,OK
plantview__langdon_4__19-03-24,5,6,8,8,0.0,1.0896890183279513,1.1982998292682838,OK
plantview__langdon_4__19-03-24,6,7,8,8,1.5555706757299177,4.028260130675142,4.759750772055257,OK
plantview__langdon_4__19-03-24,7,8,8,8,0.8322048051058468,2.037096986022184,2.8597057823387257,OK
plantview__langdon_4__19-03-24,8,9,8,8,1.5796703006630515,2.692122195007938,2.8767034492450034,OK
plantview__langdon_4__19-03-24,9,10,8,7,0.2640053605749039,1.2343403809596172,2.0308580277074717,OK
plantview__langdon_4__19-03-24,10,11,8,8,2.626377960029546,3.3260367279774177,3.727118710404876,OK
plantview__langdon_4__19-03-24,11,12,8,8,1.4158353067851517,2.0107815084022445,2.039232794900109,OK
plantview__langdon_4__19-03-24,12,13,8,8,1.4046792846345078,3.4079203860548284,3.7242295146227455,OK
plantview__langdon_4__19-03-24,13,14,8,8,1.5372189773666571,1.9920250555051902,2.083793701779506,OK
plantview__langdon_4__19-03-24,14,15,8,8,1.6591915434293592,3.10529945042786,3.4687146534096414,OK
plantview__langdon_4__19-03-24,15,16,8,8,1.3571514740118602,1.8927121358150176,1.9314797892332487,OK
plantview__langdon_4__19-03-24,16,17,8,8,0.8608333199924729,2.6267930846971317,3.9492903771764603,OK
plantview__langdon_4__19-03-24,17,18,8,8,1.2724858614015946,1.745714743164629,1.7988298597965968,OK
plantview__langdon_4__19-03-24,18,19,8,8,2.0760711180007396,3.8280176369195336,4.937546478883329,OK
plantview__langdon_4__19-03-24,19,20,8,8,0.5338534898181003,1.371482417536961,1.4781935414241028,OK
plantview__langdon_4__19-03-24,20,21,8,8,0.0,2.636008200861421,3.1206124459384315,OK
plantview__langdon_4__19-03-24,21,22,8,8,0.0,1.8098530324632267,1.8290570732982554,OK
plantview__langdon_4__19-03-24,22,23,8,8,2.288794775883708,3.635395785358978,3.8495640152753015,OK
plantview__langdon_4__19-03-24,23,24,8,8,0.0,1.270163634364816,1.8521489092433052,OK
plantview__langdon_4__19-03-24,24,25,8,8,0.5978883627099496,3.5603088995570964,3.7000477849826736,OK
plantview__langdon_4__19-03-24,25,26,8,8,0.0,0.9881370770188451,1.7834309170159375,OK
plantview__langdon_4__19-03-24,26,27,8,8,2.3183221950207678,3.438209806532024,4.346738886834453,OK
plantview__langdon_4__19-03-24,27,28,8,8,0.5693307780615067,1.40404639547447,1.8875228700228424,OK
plantview__langdon_4__19-03-24,28,29,8,8,1.9923357442032912,3.726542831859434,4.147704276122159,OK
plantview__langdon_4__19-03-24,29,30,8,8,1.3563574293020422,2.094426608378871,2.742949339871662,OK
plantview__langdon_4__19-03-24,30,31,8,8,1.318386938570225,3.065054930985228,3.105623087543669,OK
plantview__langdon_4__19-03-24,31,32,8,8,0.4205176600723397,1.6657930525318752,2.2139966527679458,OK
plantview__langdon_4__19-03-24,32,33,8,5,0.5683081282256416,3.2455012916589028,3.3859945536006557,OK
plantview__langdon_4__19-03-24,33,34,8,8,0.0,1.241419353259656,1.2528509576946558,OK
plantview__langdon_4__19-03-24,34,35,8,8,0.0,2.572246326839154,3.044328886065963,OK
plantview__langdon_4__19-03-24,35,36,8,8,0.4818266887722835,1.2909303928742308,1.4814896851771238,OK
plantview__langdon_4__19-03-24,36,37,8,5,0.0,1.4776115093545112,2.05371707916806,OK
plantview__langdon_4__19-03-24,37,38,8,8,0.0,1.620757607970076,1.68488419161474,OK
wheat3dgs__plot_461,0,1,8,8,0.6367450739293722,1.4906321314769442,2.529382343897455,OK
wheat3dgs__plot_461,1,2,8,8,0.8688271072580355,1.4009926311871808,1.7597909968409107,OK
wheat3dgs__plot_461,2,3,8,8,0.9510326061523762,1.5949857709163862,2.0139808730625464,OK
wheat3dgs__plot_467,0,1,8,8,1.800622140082289,3.223688059248232,3.450425178558878,OK
wheat3dgs__plot_467,1,2,8,8,0.9232232530014683,1.1335494432562934,1.2913708238098704,OK
wheat3dgs__plot_467,2,3,8,8,0.9424645309141095,1.3550754601211048,1.6335822109370128,OK
